time/time_elapsed,time/fps,rollout/ep_rew_mean,rollout/ep_len_mean,time/iterations,time/total_timesteps,train/policy_gradient_loss,train/n_updates,train/clip_range,train/entropy_loss,train/clip_fraction,train/value_loss,train/learning_rate,train/approx_kl,train/loss,train/std,train/explained_variance
1,10404,1281.001572875,1000.0,1,16384,,,,,,,,,,,
3,9787,1287.0312063124998,1000.0,2,32768,0.003084298162518636,1313,0.2,3.717016087062117,0.3367583786231884,0.0030104480363239627,0.0003,0.038008086,0.0031584310345351696,0.17816245555877686,0.9227033853530884
5,9415,1273.3076073125,1000.0,3,49152,0.0006193738288035797,1316,0.2,3.718499414382442,0.3639322916666667,0.002926672226123472,0.0003,0.033871956,-0.014741665683686733,0.17826791107654572,0.8968113660812378
7,9160,1271.182713921875,1000.0,4,65536,-0.0031344600073579284,1320,0.2,3.7098634243011475,0.3639322916666667,0.005999137937564344,0.0003,0.03282671,-0.014381751418113708,0.1785261183977127,0.803052544593811
9,8918,1273.3032896125,1000.0,5,81920,-0.00507884655421018,1325,0.2,3.6990948370202483,0.380717665615142,0.003807363631380046,0.0003,0.033180486,-0.003747043199837208,0.17852889001369476,0.8148948550224304
11,8789,1272.1864388958334,1000.0,6,98304,-0.005909020476974547,1329,0.2,3.6925657806396486,0.369484375,0.0036541328905150294,0.0003,0.03323279,-0.008590822108089924,0.1786702424287796,0.891620934009552
13,8730,1274.50372043,1000.0,7,114688,-0.0036569605176930376,1334,0.2,3.6911764954968307,0.35902811293436293,0.0033643625435710645,0.0003,0.045023873,-0.006650474853813648,0.17873014509677887,0.8747169375419617
15,8710,1270.2526928500001,1000.0,8,131072,-0.004541780522675785,1338,0.2,3.672116434193093,0.3763199200913242,0.003363805607207902,0.0003,0.034728978,0.0029375602025538683,0.17917530238628387,0.8904755711555481
16,8694,1271.0649156400002,1000.0,9,147456,-0.002694168119118191,1342,0.2,3.6745230682894716,0.3650173611111111,0.004017426136833353,0.0003,0.032567937,-0.0058590564876794815,0.1789233684539795,0.8215557336807251
18,8669,1278.61627771,1000.0,10,163840,-0.003799046444055061,1346,0.2,3.6691348675211426,0.379786314229249,0.005589257796909734,0.0003,0.035928216,-0.0070353965274989605,0.17933356761932373,0.7576417922973633
20,8691,1275.46248757,1000.0,11,180224,0.002453913778078424,1349,0.2,3.652398951445954,0.35344145569620256,0.0032565490434040565,0.0003,0.029865911,-0.002756466157734394,0.17930226027965546,0.8701967000961304
22,8734,1273.0230407299998,1000.0,12,196608,0.003079419476452513,1352,0.2,3.6580887566442075,0.358497509057971,0.0035658271585091734,0.0003,0.03595642,-0.015103606507182121,0.1790698915719986,0.8760609030723572
24,8790,1273.9138049399999,1000.0,13,212992,0.0069480628097573155,1354,0.2,3.6771654326182146,0.3468674879807692,0.006255696500794819,0.0003,0.034104712,0.0009208298288285732,0.17879195511341095,0.8415834307670593
26,8808,1269.19364011,1000.0,14,229376,0.0024126520406247843,1357,0.2,3.6873308569192886,0.3464084201388889,0.004922401777649712,0.0003,0.034487575,-0.01075682882219553,0.17882102727890015,0.851431667804718
27,8852,1272.22622924,1000.0,15,245760,0.006146612521420177,1359,0.2,3.6838886391403327,0.36625267094017094,0.004475147125080355,0.0003,0.034502484,-0.008428066037595272,0.17884521186351776,0.8319811224937439
29,8806,1271.94818919,1000.0,16,262144,-0.006986546993393346,1364,0.2,3.6844451620545184,0.3681227992957746,0.003804017843770414,0.0003,0.037206084,-0.013247574679553509,0.17880003154277802,0.8576844930648804
31,8809,1276.9752479699998,1000.0,17,278528,-0.0021551693005874605,1368,0.2,3.6898184282944935,0.3681350556930693,0.0034352276390095674,0.0003,0.033733856,-0.03466346859931946,0.17878054082393646,0.869549036026001
33,8866,1271.36633309,1000.0,18,294912,0.01446826416067779,1369,0.2,3.6843909215927124,0.28453125,0.003721660394221544,0.0003,0.02131617,0.03415083512663841,0.17878639698028564,0.839134931564331
35,8786,1277.10873967,1000.0,19,311296,-0.011535769038013007,1376,0.2,3.6798204018337892,0.3670521349009901,0.0035110841900580516,0.0003,0.035493396,-0.028710905462503433,0.17893223464488983,0.8701330423355103
37,8741,1283.68447176,1000.0,20,327680,-0.009669942393857264,1382,0.2,3.672952274777996,0.3790694962686567,0.0029497110385642345,0.0003,0.034914177,-0.048643894493579865,0.1790633648633957,0.8548394441604614
39,8714,1281.28615937,1000.0,21,344064,-0.008079115803411696,1387,0.2,3.67302472392718,0.3744167751736111,0.0025381465630845115,0.0003,0.034563966,-0.01413988322019577,0.17897002398967743,0.9121522903442383
41,8650,1276.30864749,1000.0,22,360448,-0.01196406656277499,1394,0.2,3.6887329175358725,0.3850911458333333,0.0043779858909103846,0.0003,0.03829971,-0.026488957926630974,0.178619384765625,0.8769332766532898
43,8673,1278.55947945,1000.0,23,376832,0.002237452647338311,1397,0.2,3.700790271759033,0.35919270833333333,0.003460269764376183,0.0003,0.032418862,-0.014776880852878094,0.17861168086528778,0.9138723015785217
45,8649,1281.3742093700002,1000.0,24,393216,-0.006207258149725973,1402,0.2,3.7118209819931414,0.37849729241877256,0.0026638422115951347,0.0003,0.03564673,-0.03775377199053764,0.1783064752817154,0.8405436277389526
47,8596,1281.39708053,1000.0,25,409600,-0.012343732923523074,1409,0.2,3.738691138890819,0.38326356812933027,0.0031467639369563163,0.0003,0.03643946,-0.0075237746350467205,0.17802387475967407,0.8603838682174683
49,8594,1277.80865081,1000.0,26,425984,-0.004643071015194363,1413,0.2,3.732164803329779,0.37350127551020407,0.0031600683124507873,0.0003,0.03366966,-0.017971353605389595,0.17822623252868652,0.886726975440979
51,8594,1281.8759424,1000.0,27,442368,-0.003461543710760338,1417,0.2,3.7229020627624787,0.3610741311659193,0.0031320509717970954,0.0003,0.035107005,0.0019920002669095993,0.17827944457530975,0.9154623746871948
53,8582,1288.36791637,1000.0,28,458752,-0.004335886532440781,1421,0.2,3.7314663639068604,0.36903125,0.002157825693488121,0.0003,0.034219336,-0.0006974504794925451,0.1781417280435562,0.8672794103622437
55,8574,1287.7918528,1000.0,29,475136,-0.005094770934599323,1425,0.2,3.7351755572528376,0.37280868902439024,0.0023019987161316704,0.0003,0.0327552,0.0019635078497231007,0.1780792474746704,0.8673149943351746
57,8573,1283.85616223,1000.0,30,491520,-0.0036508910716740325,1429,0.2,3.7406240134942728,0.36902856045081966,0.003735884733032435,0.0003,0.03392817,-0.023240290582180023,0.17805182933807373,0.8649663925170898
59,8601,1281.8217595099998,1000.0,31,507904,0.006399678769430109,1431,0.2,3.752029823321922,0.3480009191176471,0.003647486409902865,0.0003,0.033034652,0.0056556519120931625,0.17781572043895721,0.9032912254333496
61,8575,1270.93709639,1000.0,32,524288,-0.007961814936952314,1437,0.2,3.755266221364339,0.3707880434782609,0.004757909461235007,0.0003,0.037408784,-0.012772086076438427,0.1777980923652649,0.8017156720161438
63,8576,1260.0449757199997,1000.0,33,540672,-0.0015615641232176777,1441,0.2,3.7528938359512396,0.362401920995671,0.007658475915220005,0.0003,0.03320347,-0.003936645574867725,0.17796964943408966,0.7912124395370483
64,8582,1233.8863567699998,994.63,34,557056,-0.0012422175256206708,1444,0.2,3.7485165659756583,0.3644510360962567,0.009528486904772844,0.0003,0.032701105,-0.00018023117445409298,0.17784221470355988,0.7684470415115356
66,8589,1216.96318817,994.63,35,573440,0.002507661571677443,1447,0.2,3.762612355317121,0.35616410340314136,0.012500403651294753,0.0003,0.031131558,-0.004639702383428812,0.17779888212680817,0.7766865491867065
68,8587,1199.65486858,994.63,36,589824,-0.0034747724945191293,1451,0.2,3.7653454144795737,0.359716796875,0.012027204564462105,0.0003,0.030885354,0.0023177675902843475,0.17782561480998993,0.7993577718734741
70,8609,1190.16440601,994.63,37,606208,0.005029716610826634,1453,0.2,3.7654995158478455,0.3090659340659341,0.010210366187883275,0.0003,0.028619576,0.03707541525363922,0.177628293633461,0.7965992093086243
72,8599,1188.4516825,994.63,38,622592,-0.0035679703815935217,1457,0.2,3.7751774982530244,0.3755420918367347,0.007928629339273487,0.0003,0.035543706,-0.006561757996678352,0.1776377409696579,0.7691566944122314
74,8615,1193.8786123799998,994.63,39,638976,0.004297888652968501,1459,0.2,3.7655160862302024,0.3460131448412698,0.007082147678981225,0.0003,0.027602704,0.015591681934893131,0.17774184048175812,0.8738054633140564
76,8621,1199.9059050600001,994.63,40,655360,0.0005072561406725368,1462,0.2,3.7689724481383036,0.3536746002906977,0.006069758173273226,0.0003,0.033383932,0.002600483363494277,0.1776096373796463,0.8398798704147339
77,8615,1215.02659698,1000.0,41,671744,-0.00605595586508011,1467,0.2,3.7701358327498804,0.371875,0.00557398547221405,0.0003,0.035334572,-0.031006604433059692,0.17783154547214508,0.8599797487258911
79,8635,1233.5835120400002,1000.0,42,688128,0.007404682756927998,1469,0.2,3.7496623764867367,0.33695652173913043,0.008434934391761604,0.0003,0.029725568,-0.001072913408279419,0.17810575664043427,0.7591388821601868
81,8623,1231.5748750199998,1000.0,43,704512,-0.006171112027198486,1474,0.2,3.736147618375693,0.3741408934707904,0.007033435752634535,0.0003,0.034519415,-0.007893268950283527,0.17818646132946014,0.790448784828186
83,8627,1238.28941772,1000.0,44,720896,-0.0020061795267477707,1478,0.2,3.7412570912634306,0.359119817839196,0.007249944844521844,0.0003,0.03348624,-0.02415957860648632,0.1780933141708374,0.8227884769439697
85,8630,1239.3176572,1000.0,45,737280,0.0014572299665103303,1481,0.2,3.744805597740671,0.3573581861413043,0.00702940420698091,0.0003,0.032073017,0.015893273055553436,0.1780567616224289,0.7864383459091187
87,8603,1233.42059634,1000.0,46,753664,-0.008603287639668843,1488,0.2,3.7330433534919667,0.38245412844036697,0.00785693411027517,0.0003,0.034973368,-0.027080388739705086,0.17820556461811066,0.7567902207374573
89,8599,1231.89753289,1000.0,47,770048,-0.0039021886866806763,1493,0.2,3.7604355427526657,0.3754760304659498,0.00906036497263979,0.0003,0.034742665,-0.024995841085910797,0.17778052389621735,0.7288023233413696
91,8588,1222.19425307,997.35,48,786432,-0.006881105752229737,1498,0.2,3.7556369274761234,0.3747061128526646,0.007477647894964229,0.0003,0.03288886,-0.019440846517682076,0.1779826283454895,0.7630137205123901
93,8605,1228.6625016599999,997.35,49,802816,0.006693133988600468,1500,0.2,3.7521902021960676,0.33695969626168226,0.015961517353550853,0.0003,0.03289522,-0.01314162090420723,0.17796264588832855,0.7282741069793701
95,8615,1231.75702743,997.35,50,819200,0.00017669103308323703,1503,0.2,3.7444665973171865,0.3648868865030675,0.006274517962674787,0.0003,0.03611366,0.004695827607065439,0.17795579135417938,0.8102742433547974
97,8608,1234.6031223100001,997.35,51,835584,-0.00623679144269566,1508,0.2,3.751206115349052,0.3714696091065292,0.006650937153858571,0.0003,0.03411799,-0.028703585267066956,0.1776999831199646,0.8334978222846985
98,8622,1244.1990047900001,997.35,52,851968,0.0035594588399610735,1510,0.2,3.7702178434892133,0.35838068181818183,0.006330142352222042,0.0003,0.03300419,0.009111431427299976,0.1775226593017578,0.8225910663604736
100,8620,1243.8783998600002,997.35,53,868352,-0.005776823787059326,1514,0.2,3.7593363726503464,0.3825736899563319,0.007578307386552793,0.0003,0.037301276,-0.032511238008737564,0.17789076268672943,0.8456841707229614
102,8626,1252.7152367200001,1000.0,54,884736,-0.0018857898114751396,1517,0.2,3.7417038839854553,0.36257900280898875,0.0064423890206230326,0.0003,0.03102614,-0.0032969475723803043,0.17803318798542023,0.8407753705978394
104,8632,1250.69697034,1000.0,55,901120,-0.0007556582499733742,1520,0.2,3.7411072866164425,0.36002256016042783,0.00695208940445819,0.0003,0.032213766,0.0029950605239719152,0.17799432575702667,0.8318485021591187
106,8628,1248.1537843199999,1000.0,56,917504,-0.004751062718152104,1524,0.2,3.7409793041294734,0.372049356223176,0.006962431242985275,0.0003,0.035697732,-0.011002919636666775,0.17798584699630737,0.8402501940727234
108,8622,1250.9697456899999,1000.0,57,933888,-0.004596492550986749,1529,0.2,3.7584787765284164,0.37792618727598565,0.008457592708529324,0.0003,0.036365375,-0.039605118334293365,0.17753636837005615,0.7926265001296997
110,8623,1247.88397506,1000.0,58,950272,-0.002187131587459453,1533,0.2,3.766415128083987,0.37483571845794394,0.0069790676336248065,0.0003,0.034240182,-0.019442487508058548,0.17740869522094727,0.8066033124923706
111,8643,1251.9518054700002,1000.0,59,966656,0.014052776813817522,1534,0.2,3.7775262196858725,0.3096788194444444,0.006134325961789323,0.0003,0.024560835,0.038865767419338226,0.17733609676361084,0.8069354295730591
113,8640,1250.7110999099998,1000.0,60,983040,-0.0034891977813094853,1538,0.2,3.7867622672186956,0.3738888888888889,0.004710476360180312,0.0003,0.034323532,-0.0038248486816883087,0.17719666659832,0.8412590622901917
115,8656,1251.42346935,1000.0,61,999424,0.016281518394992287,1539,0.2,3.7851798236370087,0.3330775669642857,0.007645704392676375,0.0003,0.026982237,0.0331173874437809,0.17718559503555298,0.8255330920219421
117,8645,1241.4847093899998,1000.0,62,1015808,-0.00924968142389955,1545,0.2,3.7746855396014105,0.38478354357798167,0.00816092756220826,0.0003,0.03974903,-0.029739322140812874,0.17742054164409637,0.8267481327056885
119,8643,1220.3987768299999,996.5,63,1032192,-0.0034174598673949153,1549,0.2,3.7795875838132407,0.3743330792682927,0.009692601604023722,0.0003,0.034412604,-0.016721557825803757,0.17725473642349243,0.8006196618080139
121,8651,1210.1472714399997,996.5,64,1048576,0.0036848991991994717,1552,0.2,3.779844116618615,0.3346552958015267,0.017158088835937377,0.0003,0.04236095,-0.01639561913907528,0.17726562917232513,0.8093218207359314
122,8665,1199.67827122,996.5,65,1064960,0.009034821606398402,1554,0.2,3.778999409118256,0.3153409090909091,0.011549529522754155,0.0003,0.026394617,-0.009844949468970299,0.1772451400756836,0.7812660932540894
124,8663,1178.99210575,988.82,66,1081344,-0.003668105413975275,1558,0.2,3.78642971308335,0.37138247282608694,0.01507320158669482,0.0003,0.034612346,-0.00932631827890873,0.177093505859375,0.7907264232635498
126,8668,1160.4616127099998,982.54,67,1097728,0.0025503205332831043,1561,0.2,3.783919853879916,0.3387313741721854,0.018581621607901246,0.0003,0.033228006,-0.011159163899719715,0.17725837230682373,0.8200122117996216
128,8667,1153.08907607,982.54,68,1114112,-0.005024260080173077,1565,0.2,3.777155988419537,0.3637717208520179,0.015137088077869516,0.0003,0.03394567,-0.017874522134661674,0.17732195556163788,0.8067680597305298
130,8677,1134.9262162,981.1,69,1130496,0.006015049125920287,1567,0.2,3.7777867438429493,0.3295153601694915,0.02214132546904986,0.0003,0.029504005,0.04347736015915871,0.1773136854171753,0.7628519535064697
132,8665,1129.9444172500002,976.67,70,1146880,-0.007356246840365031,1572,0.2,3.7645894545036676,0.374305264261745,0.023063722947899927,0.0003,0.03562178,-0.009282026439905167,0.17737488448619843,0.7783839702606201
134,8663,1134.7493602700001,976.67,71,1163264,-0.004716928850393742,1576,0.2,3.7589364369710285,0.35406901041666666,0.017737094863938787,0.0003,0.031915765,-0.02198868803679943,0.17771025002002716,0.7793102264404297
136,8667,1143.43172386,984.35,72,1179648,0.001188330908277721,1579,0.2,3.7611241311737986,0.3659327651515151,0.011247117323518702,0.0003,0.0320297,-0.011700434610247612,0.1772630661725998,0.7939496040344238
137,8676,1139.0791916899998,981.34,73,1196032,0.004802375678874312,1581,0.2,3.7839270484062935,0.3321887600806452,0.015113032220171825,0.0003,0.028462615,0.019206540659070015,0.1771567016839981,0.7655267715454102
139,8684,1130.10624513,981.34,74,1212416,0.0018798483069986105,1584,0.2,3.7847601817204404,0.3287560096153846,0.01856278108003048,0.0003,0.04364425,0.015815529972314835,0.17708174884319305,0.8287515640258789
141,8676,1147.7598757399999,986.28,75,1228800,-0.009435814480611862,1589,0.2,3.7653481505786295,0.3703360158862876,0.024086639487549015,0.0003,0.03481893,-0.00444246269762516,0.17764467000961304,0.7599635124206543
143,8689,1141.2480411499998,986.18,76,1245184,0.013229983671109623,1591,0.2,3.7605096012798707,0.31967117537313433,0.021775005802289762,0.0003,0.04093877,0.016486430540680885,0.17751331627368927,0.7534633874893188
145,8685,1127.39022076,986.18,77,1261568,-0.003327710379846394,1595,0.2,3.7862416610717773,0.3735,0.018199407026171684,0.0003,0.036742203,-0.017116019502282143,0.17703567445278168,0.7835309505462646
147,8667,1122.36537401,984.54,78,1277952,-0.0116940873907879,1602,0.2,3.809882539226895,0.3685732886904762,0.014738223289272614,0.0003,0.03621762,-0.01146341860294342,0.17688487470149994,0.7594266533851624
149,8679,1135.9322420099998,993.83,79,1294336,0.0131596556554238,1604,0.2,3.801681843068865,0.31982421875,0.019363446549202006,0.0003,0.035175726,0.003005019389092922,0.17690598964691162,0.8002692461013794
151,8669,1137.2923966399999,984.87,80,1310720,-0.009928949554229067,1609,0.2,3.79730162544856,0.37942708333333336,0.017827408550868905,0.0003,0.035568185,-0.02601913921535015,0.17702214419841766,0.7759504318237305
153,8669,1126.37854263,981.78,81,1327104,-0.002034476834694754,1613,0.2,3.794205837966131,0.3757519072769953,0.023733163777161653,0.0003,0.033635493,-0.021291283890604973,0.17705048620700836,0.7764217257499695
155,8658,1141.13546022,986.31,82,1343488,-0.010876450853480657,1619,0.2,3.7861788306820428,0.3762575676638177,0.01980378463110778,0.0003,0.037116006,-0.03286054730415344,0.1771235316991806,0.7614443898200989
156,8663,1140.4807156299998,986.31,83,1359872,0.004469902237265635,1622,0.2,3.7872138752866147,0.3441289645522388,0.012788929316256917,0.0003,0.038569428,-0.014807621017098427,0.17718394100666046,0.8031309843063354
158,8660,1139.16776454,982.07,84,1376256,-0.006549362818567226,1627,0.2,3.7615420543230496,0.37222055288461536,0.014586543535383849,0.0003,0.04204072,-0.015803653746843338,0.17785459756851196,0.7679188251495361
160,8663,1131.99429079,976.33,85,1392640,-0.002038764113330104,1630,0.2,3.7406778670428844,0.34230161516853935,0.016006857298021572,0.0003,0.03082374,0.00018263980746269226,0.1778097152709961,0.8703181147575378
162,8675,1134.17595787,971.49,86,1409024,0.014580403473378429,1631,0.2,3.7356217445865756,0.3218876008064516,0.014999938843351218,0.0003,0.02446636,0.06944965571165085,0.17801369726657867,0.8114888072013855
164,8686,1133.5136560899998,961.12,87,1425408,0.009903285428191777,1633,0.2,3.728815072848473,0.31669560185185186,0.01838317972228483,0.0003,0.027596505,0.028914211317896843,0.17813269793987274,0.8772393465042114
165,8686,1128.46651881,955.27,88,1441792,0.0014155918411524135,1636,0.2,3.7056383072061743,0.3654629321808511,0.017495221874498305,0.0003,0.03247531,0.007170818280428648,0.17838864028453827,0.8130007386207581
167,8690,1117.32657227,946.96,89,1458176,0.00025480427970010116,1639,0.2,3.706415585724704,0.3625047063253012,0.021636045751083327,0.0003,0.032688998,0.002787349745631218,0.17841728031635284,0.7986956834793091
169,8692,1122.3079855699998,952.84,90,1474560,-0.0007895376312693483,1642,0.2,3.691127872467041,0.3637129934210526,0.021584058352010816,0.0003,0.033316415,0.012302865274250507,0.17860651016235352,0.8303490281105042
171,8680,1115.4870573500002,951.96,91,1490944,-0.009971767316705415,1648,0.2,3.692223589079721,0.3906361607142857,0.019487067668565682,0.0003,0.03812889,-0.018596192821860313,0.17838573455810547,0.7516132593154907
173,8667,1120.70141726,965.76,92,1507328,-0.010693776773011966,1654,0.2,3.7010682234892975,0.36939400337837835,0.023278248725408637,0.0003,0.03418171,-0.012326405383646488,0.17827482521533966,0.7946315407752991
175,8673,1066.32408382,942.2,93,1523712,0.0013388979758294124,1657,0.2,3.71387624440703,0.358687106918239,0.035499927921677533,0.0003,0.032106657,0.010255865752696991,0.17818963527679443,0.749420166015625
177,8683,1028.2927114099998,927.53,94,1540096,0.015788759740341145,1658,0.2,3.7116025487581887,0.2862141927083333,0.04669373257396122,0.0003,0.021191105,0.05506023019552231,0.17819814383983612,0.8437039256095886
179,8684,993.23609796,907.78,95,1556480,-0.0016086108104713512,1662,0.2,3.7069435564524817,0.3417501495215311,0.04079406532909026,0.0003,0.03277877,-0.008319742977619171,0.17833341658115387,0.8070244193077087
180,8690,955.1667109899998,889.39,96,1572864,0.009366039537162203,1664,0.2,3.713602378196323,0.3218830541237113,0.056638316241736264,0.0003,0.031941786,0.04354707524180412,0.17817099392414093,0.8572705388069153
182,8687,936.1843841700002,877.55,97,1589248,-0.004487200203940881,1668,0.2,3.7191471430720116,0.36198979591836733,0.04004862483362762,0.0003,0.031819075,0.001442262902855873,0.17822973430156708,0.8282661437988281
184,8685,953.74994318,893.65,98,1605632,-0.00579460524307678,1672,0.2,3.704186385991622,0.35970982142857144,0.0447813944625003,0.0003,0.03177932,0.015395237132906914,0.17838315665721893,0.8375591039657593
186,8688,971.5523818000001,915.18,99,1622016,0.0016610812278624798,1675,0.2,3.7121009558241886,0.34817363410596025,0.05775271948204925,0.0003,0.03377616,-0.000200614333152771,0.1782752275466919,0.7615658044815063
188,8680,991.73495888,926.8,100,1638400,-0.009379197630273589,1681,0.2,3.701360729454601,0.3797890183615819,0.048314301581200904,0.0003,0.03676946,0.007521569728851318,0.1784062385559082,0.8151336908340454
190,8688,996.4723975300002,933.26,101,1654784,0.0068950579783025505,1683,0.2,3.6907984415690103,0.3414306640625,0.05135734297800809,0.0003,0.034484684,0.02243628352880478,0.17870348691940308,0.7947100400924683
192,8696,1004.72258507,947.09,102,1671168,0.012047569050143163,1684,0.2,3.682713588078817,0.30711805555555555,0.0480373943845431,0.0003,0.022883037,0.05676434561610222,0.17867611348628998,0.7832561731338501
193,8698,985.2738428600001,949.96,103,1687552,0.0004851440109590861,1687,0.2,3.695702132137342,0.35964439655172414,0.05225191674270164,0.0003,0.031918515,0.031279608607292175,0.17850768566131592,0.7879838943481445
195,8706,992.82816814,948.88,104,1703936,0.0021826215260834607,1689,0.2,3.6952552331818476,0.33644386574074076,0.06864307010201393,0.0003,0.03056103,0.010674644261598587,0.17845959961414337,0.7871585488319397
197,8711,978.7216630700001,940.8,105,1720320,0.005677118975048264,1691,0.2,3.6927748437513386,0.36215049342105265,0.044877638566520134,0.0003,0.03240212,0.011560086160898209,0.17868418991565704,0.8318547010421753
199,8715,939.19707251,915.62,106,1736704,0.004926590937162366,1694,0.2,3.687462543739992,0.3394990808823529,0.043659465592902374,0.0003,0.03628502,0.0011979024857282639,0.17857521772384644,0.8142939805984497
201,8706,932.26383551,909.95,107,1753088,-0.008417401779443025,1700,0.2,3.6755084903423603,0.3755889423076923,0.04909671784593509,0.0003,0.03984597,0.005363151431083679,0.17883439362049103,0.8415831327438354
203,8702,925.6708547499999,899.67,108,1769472,-0.0063367827329784635,1705,0.2,3.675290550504412,0.35625,0.04392347504783954,0.0003,0.033338595,-0.009119542315602303,0.17867176234722137,0.7893932461738586
205,8704,913.38152693,892.62,109,1785856,0.0012790080831079176,1708,0.2,3.681672708948231,0.3567562849162011,0.048569805836877346,0.0003,0.03221695,0.04327211156487465,0.17875568568706512,0.8245521783828735
206,8713,923.85416101,899.28,110,1802240,0.01770486988659416,1709,0.2,3.6713914644150507,0.3285590277777778,0.04467214750392096,0.0003,0.025882779,0.08624956011772156,0.1788967251777649,0.8044816851615906
208,8718,946.2226106800001,909.81,111,1818624,0.005684953775758354,1712,0.2,3.654275883161105,0.350390625,0.053515903909619036,0.0003,0.039251365,0.00437624566257,0.17920346558094025,0.8084425926208496
210,8722,962.1572760300002,919.52,112,1835008,0.005948575022887057,1714,0.2,3.636307374698909,0.3415661909448819,0.04720441474923937,0.0003,0.0293302,0.024237876757979393,0.17944520711898804,0.8433959484100342
212,8720,991.37048213,935.97,113,1851392,-0.003577737844409009,1718,0.2,3.622261169737419,0.36385163163716816,0.03253577389976883,0.0003,0.031943478,0.0002821628004312515,0.17952990531921387,0.7146563529968262
214,8722,980.7922137599999,930.2,114,1867776,0.0011434086609160763,1721,0.2,3.616997631116845,0.36705280172413796,0.03428545785832337,0.0003,0.032571178,-0.013642773032188416,0.17970333993434906,0.8424172401428223
215,8726,985.00850086,935.68,115,1884160,0.004225665594056023,1724,0.2,3.6052185622128574,0.36772017045454547,0.11338255994699219,0.0003,0.041257434,0.0298335999250412,0.17980094254016876,0.6313537955284119
217,8720,992.39522194,939.64,116,1900544,-0.008892672971181083,1729,0.2,3.5940272761172936,0.38356813524590166,0.048906056833316065,0.0003,0.035664722,0.01645236648619175,0.17997360229492188,0.8089274168014526
219,8714,1014.2111459299999,952.17,117,1916928,-0.0072200205000793145,1734,0.2,3.563218463482541,0.3753696766561514,0.034586603544675965,0.0003,0.034688044,-0.012517990544438362,0.18055422604084015,0.8038758039474487
221,8722,1005.2404915300001,952.17,118,1933312,0.012877870909066806,1735,0.2,3.5551857496130057,0.33263739224137934,0.03797093708196591,0.0003,0.026533168,0.05634114891290665,0.18047167360782623,0.8353212475776672
223,8717,1006.1711382899999,947.95,119,1949696,-0.0075255604162937665,1740,0.2,3.5544141061378247,0.37288247053872053,0.04528341027171122,0.0003,0.035476632,0.0029868464916944504,0.18036364018917084,0.7774998545646667
225,8722,1023.46890132,946.92,120,1966080,0.0041071276665673034,1742,0.2,3.5663998046842944,0.35697872899159666,0.038596963838619346,0.0003,0.03326025,0.010033638216555119,0.18046605587005615,0.814368486404419
227,8722,1019.5839191300001,945.98,121,1982464,0.0003881652988398892,1746,0.2,3.553116021422565,0.355052347715736,0.042041399104870515,0.0003,0.038219325,0.005184760317206383,0.18056409060955048,0.824821949005127
228,8730,1026.2857592199998,952.7,122,1998848,0.008563331508388122,1748,0.2,3.546005620956421,0.33109375,0.03789003516236941,0.0003,0.036273956,0.01919344812631607,0.18066978454589844,0.7494199872016907
230,8729,1003.3612286800001,949.61,123,2015232,-0.0012602027283199796,1752,0.2,3.539304365004812,0.36703055245535715,0.027616040648094246,0.0003,0.034281626,0.00454661063849926,0.18084998428821564,0.764464259147644
232,8725,960.8682110499998,910.03,124,2031616,-0.002623324834946859,1756,0.2,3.5183392146886407,0.3617253707627119,0.06650408660456286,0.0003,0.031721987,0.025013281032443047,0.18112313747406006,0.7798691391944885
234,8733,930.1073436500003,898.07,125,2048000,0.013001492959588315,1758,0.2,3.5133719877763228,0.34156013257575757,0.05473579923537644,0.0003,0.039732218,0.028797361999750137,0.1811765879392624,0.8501224517822266
236,8741,889.9357681500001,861.16,126,2064384,0.013589416819741018,1759,0.2,3.5120550245046616,0.31768798828125,0.07021117937983945,0.0003,0.02421474,0.07855367660522461,0.1811397671699524,0.8648068904876709
238,8741,846.3098875999998,823.82,127,2080768,-0.0030458894286429484,1763,0.2,3.511720414367019,0.36627168062200954,0.06651291837603852,0.0003,0.036335755,0.021728718653321266,0.18114082515239716,0.8604552745819092
239,8748,809.2458429499998,792.91,128,2097152,0.009987613903683459,1765,0.2,3.5021864952043047,0.3457485465116279,0.06433125559327214,0.0003,0.0319012,0.04862106963992119,0.18132972717285156,0.8604823350906372
241,8747,772.7049879,776.24,129,2113536,-0.0022265767308897407,1769,0.2,3.4895068149470805,0.36410568467336685,0.09159992818706598,0.0003,0.039801,0.027114778757095337,0.18155688047409058,0.8462889194488525
243,8747,768.70271526,765.65,130,2129920,-0.004728719986030629,1773,0.2,3.4790246633556783,0.3711863151658768,0.06991938492768748,0.0003,0.03443755,0.007793666794896126,0.1815767139196396,0.85832679271698
245,8752,761.9564041599999,745.76,131,2146304,0.007880391808479879,1775,0.2,3.482500208234324,0.3522072208737864,0.07620313640647722,0.0003,0.03229011,0.04007217660546303,0.1814357489347458,0.8598315119743347
246,8759,742.2709552100001,723.49,132,2162688,0.012019112827383901,1777,0.2,3.4902097754282493,0.3304794520547945,0.0684353731164377,0.0003,0.035605226,0.019097961485385895,0.18140751123428345,0.8641011714935303
248,8765,752.02109377,729.09,133,2179072,0.008165594374576767,1779,0.2,3.491599289925544,0.3198403159340659,0.06413600159870399,0.0003,0.028046038,0.040167052298784256,0.18150432407855988,0.8706223964691162
250,8773,747.0371977599998,739.24,134,2195456,0.015177775372533089,1780,0.2,3.4905559204994363,0.3277094414893617,0.09194034496520428,0.0003,0.025480539,0.06726591289043427,0.18143689632415771,0.8082993626594543
252,8769,773.74930389,760.37,135,2211840,-0.0031745119456281054,1784,0.2,3.4979558041755188,0.35994015957446807,0.07546490689224385,0.0003,0.0321319,0.01745738834142685,0.18136560916900635,0.8607288002967834
253,8776,771.95423251,756.9,136,2228224,0.015196658807861455,1786,0.2,3.495778977870941,0.36345358455882354,0.05727463001933168,0.0003,0.04073531,0.05339355394244194,0.18142123520374298,0.8514659404754639
255,8778,738.8731024300001,737.89,137,2244608,0.002206454609640295,1789,0.2,3.4982756166844755,0.3733372043918919,0.0622901746726318,0.0003,0.035838164,0.003248516470193863,0.18133117258548737,0.871362566947937
257,8777,772.60833755,751.63,138,2260992,-0.002482722069840558,1793,0.2,3.4922561861271233,0.36916713800904977,0.12113630727810018,0.0003,0.03643694,0.04857771098613739,0.1815144419670105,0.8196457624435425
259,8777,792.0364211,762.25,139,2277376,-0.00204707718687132,1797,0.2,3.4698473811149597,0.37029296875,0.06775372056290507,0.0003,0.036533773,0.008983984589576721,0.182025745511055,0.8468852043151855
261,8775,782.18028441,775.33,140,2293760,-0.002268673963316901,1801,0.2,3.451285978077877,0.3741618168016194,0.07460495757187909,0.0003,0.03529696,0.047418590635061264,0.18215924501419067,0.8474220037460327
263,8782,798.19982907,796.51,141,2310144,0.012047281086614186,1802,0.2,3.44125541231849,0.3116122159090909,0.09834176818416877,0.0003,0.024497163,0.06605851650238037,0.182209312915802,0.804936945438385
264,8785,838.8284491899999,821.6,142,2326528,0.003999001138644027,1805,0.2,3.426270466191428,0.37159598214285716,0.06646853791815895,0.0003,0.03745771,0.010900702327489853,0.18266017735004425,0.835213303565979
266,8791,856.9351514900002,824.89,143,2342912,0.010890991466355995,1807,0.2,3.4045600118771406,0.3285101232394366,0.055430667710975864,0.0003,0.037270587,0.014848592691123486,0.18289071321487427,0.8358972668647766
268,8797,821.3173223400001,780.7,144,2359296,0.007208884085583336,1809,0.2,3.399287863338695,0.34636948529411765,0.05285891368985176,0.0003,0.032485913,0.016788732260465622,0.18275801837444305,0.8636060953140259
269,8801,851.8773486399998,788.29,145,2375680,0.004358194206120833,1811,0.2,3.407831923016962,0.3450397995283019,0.062051626238620504,0.0003,0.031490322,0.02556641213595867,0.18271727859973907,0.8721994161605835
271,8803,831.42621028,775.01,146,2392064,0.005958661973789221,1814,0.2,3.4040946560051606,0.36170085877862596,0.05637518974831541,0.0003,0.040382262,0.0052531398832798,0.18275082111358643,0.8232484459877014
273,8803,803.07814244,765.96,147,2408448,-0.0012376564316069468,1818,0.2,3.3991366545359294,0.3612980769230769,0.07893325430460466,0.0003,0.040170014,0.009228724986314774,0.1828671544790268,0.859513521194458
275,8808,789.13336068,763.62,148,2424832,0.007186229095201601,1820,0.2,3.3939433509653263,0.3384588068181818,0.07144044014540586,0.0003,0.03061296,0.03766869753599167,0.18301443755626678,0.8529700040817261
277,8804,810.8570510700001,778.93,149,2441216,-0.0063348832275463085,1824,0.2,3.377080572228278,0.3800560735887097,0.07068727329193104,0.0003,0.037371673,0.016409818083047867,0.1833556443452835,0.8531020283699036
279,8803,826.82393168,799.4,150,2457600,-0.0027284226246605935,1828,0.2,3.360028669594578,0.3797473086124402,0.053553488337252125,0.0003,0.036647487,-0.003988824784755707,0.18353255093097687,0.8501665592193604
281,8798,877.7014773299999,831.0,151,2473984,-0.012083739217598036,1834,0.2,3.3572262482983724,0.3881719680059524,0.04728897404302621,0.0003,0.03812913,0.00724191777408123,0.18343530595302582,0.815528392791748
283,8798,885.1198821400001,824.23,152,2490368,0.001604752020232078,1837,0.2,3.3655666919112894,0.37244851878612717,0.04535139007547687,0.0003,0.032549616,-0.001331990584731102,0.18327291309833527,0.8569101095199585
284,8806,880.9837354800001,819.94,153,2506752,0.009161753429760855,1838,0.2,3.3720468321154193,0.29007056451612906,0.06100469587310668,0.0003,0.021857757,0.06204834580421448,0.18315260112285614,0.8716787695884705
286,8813,776.8675520599999,750.69,154,2523136,0.011489522949743428,1839,0.2,3.379506838949103,0.29574424342105265,0.07282390719965885,0.0003,0.022674149,0.059420567005872726,0.18306569755077362,0.8753839135169983
288,8813,700.92161157,694.57,155,2539520,0.0010731463987581633,1842,0.2,3.3762293364550615,0.3792863175675676,0.1398282476776355,0.0003,0.033911828,0.05484361946582794,0.18331940472126007,0.8058688640594482
290,8813,631.45138578,652.77,156,2555904,0.0008638939166374002,1846,0.2,3.372031667689585,0.36809828367875647,0.07644038807620039,0.0003,0.045256324,-0.00282973051071167,0.18304061889648438,0.8710353970527649
291,8816,630.4367127,650.41,157,2572288,0.007666474746154814,1848,0.2,3.3787552488261254,0.34479391163793105,0.11252562284212687,0.0003,0.032868907,0.050628662109375,0.18322056531906128,0.8370277285575867
293,8820,612.3919326099999,651.2,158,2588672,0.013266156534435318,1849,0.2,3.366050595142802,0.32248975409836067,0.07586399423050098,0.0003,0.024296952,0.045917823910713196,0.18327490985393524,0.8564690351486206
295,8818,577.50026502,637.03,159,2605056,-0.0025480578198020373,1853,0.2,3.3737443649092094,0.37063318777292575,0.12208436644233471,0.0003,0.0354561,0.03111688420176506,0.18319366872310638,0.8038470149040222
297,8823,593.1160774699999,645.73,160,2621440,0.013575537639215242,1854,0.2,3.367590249970902,0.32757994186046513,0.18560267638328465,0.0003,0.027354775,0.10509653389453888,0.18329012393951416,0.7514750957489014
298,8826,552.93941357,647.61,161,2637824,0.004073552580343353,1856,0.2,3.3553118685371857,0.3332331730769231,0.09430394270735928,0.0003,0.028288927,0.06308677792549133,0.18364523351192474,0.8407225012779236
300,8826,560.3453852000001,662.67,162,2654208,-0.00015709798667251754,1860,0.2,3.3376786881777907,0.36929242227979275,0.18054397983254547,0.0003,0.046481676,0.046235375106334686,0.18392550945281982,0.7013529539108276
302,8826,525.82300305,621.27,163,2670592,0.0006769522334690447,1863,0.2,3.3189181234470753,0.3820684523809524,0.24054056346889527,0.0003,0.036593165,0.055822085589170456,0.18401168286800385,0.672914981842041
304,8824,535.13259166,607.11,164,2686976,-0.0036244458491983245,1867,0.2,3.2940938157483566,0.3602789256198347,0.10930852130178578,0.0003,0.031022267,0.04602945223450661,0.1845933049917221,0.8415711522102356
306,8828,589.22272529,615.91,165,2703360,0.009621419737997808,1869,0.2,3.2784298645822627,0.3285361842105263,0.08073096020441306,0.0003,0.03008763,0.06285157054662704,0.18459463119506836,0.8586407899856567
307,8830,616.7209613,638.65,166,2719744,0.006662923579154782,1872,0.2,3.276368952536768,0.34523376937984496,0.09323815342991851,0.0003,0.051215626,0.025598205626010895,0.18472640216350555,0.8443137407302856
309,8832,626.88539941,654.66,167,2736128,0.006920793927424858,1874,0.2,3.271062760583816,0.3549962197580645,0.09155882441348606,0.0003,0.031936966,0.06718365848064423,0.18472111225128174,0.832928478717804
311,8828,643.93285913,688.76,168,2752512,-0.005614131916336626,1878,0.2,3.267186579001377,0.36328125,0.11042554439064041,0.0003,0.035460856,0.023616405203938484,0.18483160436153412,0.8403283357620239
313,8826,628.08689427,676.3,169,2768896,-0.005178236818733061,1882,0.2,3.256348935637887,0.3612204724409449,0.10775423178991933,0.0003,0.031899605,0.06305678188800812,0.18500876426696777,0.8138039112091064
315,8826,613.36702387,666.59,170,2785280,-0.002028891558830555,1886,0.2,3.2475092777839074,0.36891025641025643,0.0828423478282415,0.0003,0.044073716,-0.003960106521844864,0.18525321781635284,0.832071840763092
317,8832,650.79485544,682.59,171,2801664,0.012382365785902592,1887,0.2,3.2330820618606193,0.3014481707317073,0.08949540482788551,0.0003,0.02324422,0.10895597189664841,0.18530823290348053,0.8453320860862732
318,8837,646.48263944,658.2,172,2818048,0.011281449788224858,1889,0.2,3.230431369833044,0.33139780405405406,0.06724512234732911,0.0003,0.03645494,0.04495100677013397,0.18534612655639648,0.8271247744560242
320,8837,643.24127091,661.3,173,2834432,-0.0011501146470937803,1893,0.2,3.232542028232497,0.36318160076530615,0.09220081290268169,0.0003,0.036284983,0.01522902399301529,0.185344859957695,0.8493862748146057
322,8834,652.7642755300001,674.4,174,2850816,-0.00400348277155148,1897,0.2,3.229768131090247,0.369140625,0.07671041903288468,0.0003,0.03449672,0.006499294191598892,0.18543682992458344,0.8267276883125305
324,8832,669.51758687,703.64,175,2867200,-0.003759564974836047,1901,0.2,3.2330659929647485,0.36726854253112035,0.0815275393395503,0.0003,0.033324715,0.028310708701610565,0.18527431786060333,0.8062525391578674
326,8832,669.7907065,709.53,176,2883584,-0.0011245927215544598,1905,0.2,3.225242489635354,0.36082534034653463,0.0967802391894678,0.0003,0.037932552,0.04456554353237152,0.18553008139133453,0.7951263785362244
328,8829,685.4833837,728.32,177,2899968,-0.0039277862198650836,1909,0.2,3.208638469696045,0.36275,0.0717647345662117,0.0003,0.034755513,0.0010965261608362198,0.18569475412368774,0.8425756096839905
330,8830,714.38487967,739.65,178,2916352,-0.0002257957664747419,1912,0.2,3.1987878124365645,0.3648613061797753,0.067205386340953,0.0003,0.033576332,0.049416493624448776,0.18579937517642975,0.8125407695770264
332,8829,708.88587367,744.24,179,2932736,-0.0002810176357033325,1915,0.2,3.184385842019385,0.36551339285714285,0.061089237312694174,0.0003,0.03388297,0.02215430699288845,0.18616490066051483,0.8309438824653625
334,8828,705.10177608,724.16,180,2949120,-0.0019413494856609982,1919,0.2,3.163963428565434,0.37575733418367346,0.08595323482794422,0.0003,0.03939421,0.020614372566342354,0.18655474483966827,0.8040242195129395
335,8827,696.2808378899999,701.18,181,2965504,-0.004766282608865627,1923,0.2,3.1464134350655573,0.37723214285714285,0.07617857826075383,0.0003,0.03529417,0.016468698158860207,0.18675976991653442,0.8529191017150879
337,8826,675.98012116,692.7,182,2981888,-0.0016307166141526,1927,0.2,3.1377583538613667,0.369969512195122,0.06472879811757948,0.0003,0.035082918,0.013219676911830902,0.18688678741455078,0.8707205653190613
339,8824,680.22555865,694.53,183,2998272,-0.004999898842860213,1931,0.2,3.130735500582627,0.3761509486607143,0.08493617243532624,0.0003,0.03576158,0.008971724659204483,0.18692123889923096,0.8191956281661987
341,8827,691.0101699700001,688.99,184,3014656,0.004133207209731552,1933,0.2,3.128618874825722,0.3503357438016529,0.06405861737314335,0.0003,0.029545372,0.02632310427725315,0.18695735931396484,0.8320733904838562
343,8832,635.56127225,633.78,185,3031040,0.015454769108163298,1934,0.2,3.1201047762384952,0.34389740566037735,0.07547307253446219,0.0003,0.027851265,0.08020301163196564,0.18710418045520782,0.8432576060295105
344,8834,556.4069726099999,546.72,186,3047424,0.0004631812750760998,1937,0.2,3.1187066720879595,0.3577736801242236,0.11582989736188272,0.0003,0.03137322,0.04491782933473587,0.1871747523546219,0.8570355176925659
346,8833,488.96290977000007,506.81,187,3063808,2.6031127929979678e-05,1941,0.2,3.113045804640826,0.3772020526960784,0.09724856452906833,0.0003,0.035129577,0.041020482778549194,0.18728210031986237,0.8670871257781982
348,8832,507.02935038,522.34,188,3080192,-0.0034165774188657625,1945,0.2,3.099368416885445,0.38086821266968324,0.12414219419206429,0.0003,0.036331393,0.08289270102977753,0.18754971027374268,0.8528289794921875
350,8831,537.46448069,541.72,189,3096576,-0.0016560553242321884,1949,0.2,3.0906439718799055,0.3799832067757009,0.1022809961305879,0.0003,0.032542348,0.020129282027482986,0.18764543533325195,0.8184577226638794
352,8835,553.7952444,544.47,190,3112960,0.014841886807461175,1950,0.2,3.080327622744502,0.3591358418367347,0.10231688033257212,0.0003,0.029274352,0.06360171735286713,0.18776337802410126,0.8393873572349548
354,8833,581.9184348099999,573.34,191,3129344,-0.0022597037547756535,1954,0.2,3.073721568115422,0.37874615778688525,0.10865602040754967,0.0003,0.034433268,0.024884622544050217,0.18794381618499756,0.8428667783737183
356,8833,556.1099492899999,569.98,192,3145728,-0.0016471311540549828,1957,0.2,3.0726907001601327,0.36006944444444444,0.09361659836851888,0.0003,0.034153644,0.06681040674448013,0.1876693218946457,0.8131961226463318
358,8831,504.09024893000003,555.17,193,3162112,-0.002934748525387745,1961,0.2,3.0833272855789935,0.37450371413934425,0.11087421842346915,0.0003,0.03471051,0.04280180484056473,0.18766801059246063,0.8398011922836304
359,8833,487.07640900999996,531.0,194,3178496,0.005017699182240499,1963,0.2,3.077704436249203,0.3589409722222222,0.17670212658467116,0.0003,0.03019333,0.117404043674469,0.1878463476896286,0.7503630518913269
361,8833,504.5809610999999,532.81,195,3194880,-0.002089195453235148,1966,0.2,3.063987100311599,0.3761452879581152,0.10494843979624553,0.0003,0.032957975,0.03660159930586815,0.18812157213687897,0.8469814658164978
363,8837,532.26853084,532.56,196,3211264,0.012223764435232928,1967,0.2,3.051326858997345,0.3297526041666667,0.11888054367154836,0.0003,0.025646783,0.07732728123664856,0.18812209367752075,0.8344001770019531
365,8837,573.12402577,577.59,197,3227648,-0.00031739244767025037,1971,0.2,3.045008951032222,0.3703997461928934,0.10010639882556678,0.0003,0.042564474,0.03924824669957161,0.18838243186473846,0.8482528924942017
366,8841,559.3430132600001,561.32,198,3244032,0.010999268762624035,1973,0.2,3.0376031985649696,0.31820913461538464,0.11351349892524573,0.0003,0.04588317,0.018104832619428635,0.18840132653713226,0.836750864982605
368,8842,571.2224484300001,578.8,199,3260416,0.0015801506823291313,1976,0.2,3.027176375357097,0.3726405201342282,0.08060111822997963,0.0003,0.035621613,0.026877623051404953,0.18859052658081055,0.8651491403579712
370,8840,541.73837177,543.14,200,3276800,-0.0037960222989861523,1980,0.2,3.0162552499002024,0.3878528225806452,0.12734923181274244,0.0003,0.035064228,0.01944134198129177,0.18869049847126007,0.7937958240509033
372,8843,514.18760311,526.42,201,3293184,0.013007520761851582,1981,0.2,3.014820706459784,0.31974546370967744,0.11768856350212328,0.0003,0.02423062,0.08816869556903839,0.18870967626571655,0.8514889478683472
373,8849,510.8408786499999,513.23,202,3309568,0.01251785557430524,1982,0.2,3.0152271527510424,0.2765925480769231,0.10882268702754608,0.0003,0.021879278,0.08584022521972656,0.18867962062358856,0.8617575764656067
375,8853,502.84067842000013,522.16,203,3325952,0.013229998504562725,1983,0.2,3.0186848640441895,0.33688256048387094,0.11567951540552801,0.0003,0.026167722,0.06521549820899963,0.188672736287117,0.859519898891449
377,8853,495.4894677799999,531.53,204,3342336,-0.0004291303646099824,1986,0.2,3.0185957185683714,0.358387936827957,0.1444202186039058,0.0003,0.029495439,0.0763881579041481,0.18872369825839996,0.8105679750442505
379,8854,535.0796181300001,564.37,205,3358720,0.0015107636100076365,1989,0.2,3.0109588940938314,0.3795217803030303,0.10283437858928333,0.0003,0.034310207,0.04192095249891281,0.18897973001003265,0.8146500587463379
380,8859,527.0382097,567.73,206,3375104,0.013851000025169924,1990,0.2,2.993679096301397,0.3151041666666667,0.09689270821399987,0.0003,0.024430325,0.10318535566329956,0.18904860317707062,0.8403775691986084
382,8861,570.6724408599999,587.95,207,3391488,0.012411038347830375,1992,0.2,2.98759840965271,0.34447916666666667,0.08715352118015289,0.0003,0.038486324,0.055036790668964386,0.18921320140361786,0.8533285856246948
384,8865,537.78455211,562.09,208,3407872,0.013042191737754779,1993,0.2,2.9786218599839644,0.3158380681818182,0.09248318137093024,0.0003,0.023471434,0.11280296742916107,0.18932723999023438,0.8597476482391357
386,8861,519.9177143400001,540.01,209,3424256,-0.008561456496119018,1998,0.2,2.95891542573577,0.3822309870550162,0.12429154808949498,0.0003,0.035526253,0.048053078353405,0.18967477977275848,0.8349632024765015
388,8859,508.5223852900001,533.85,210,3440640,-0.003681431541561472,2002,0.2,2.957178195641965,0.38070790816326533,0.09562854582861978,0.0003,0.033502527,0.03602242097258568,0.1895800083875656,0.839195191860199
389,8864,533.3018462699999,549.13,211,3457024,0.015114263980649412,2003,0.2,2.9588422179222107,0.3145751953125,0.11136427929159254,0.0003,0.023325155,0.10096019506454468,0.18960434198379517,0.8282982707023621
391,8868,512.12299232,546.8,212,3473408,0.012845482697467442,2005,0.2,2.960004550823267,0.33203125,0.107360715235489,0.0003,0.037741076,0.08911705017089844,0.18952099978923798,0.803086519241333
393,8870,530.3490774200001,578.75,213,3489792,0.004821860587869126,2008,0.2,2.960818969286405,0.34639423076923076,0.12267168433620379,0.0003,0.044986986,0.03666111081838608,0.18956756591796875,0.8281209468841553
395,8866,484.3477735700001,531.93,214,3506176,-0.0060137188901788876,2013,0.2,2.94510266038238,0.38212090163934426,0.10881015172258753,0.0003,0.03739356,0.03424771875143051,0.1899997442960739,0.797100305557251
397,8868,467.97915838,506.38,215,3522560,0.0037293832645648056,2016,0.2,2.9403108402534768,0.3482349537037037,0.12431236720747418,0.0003,0.041334163,0.03230525925755501,0.1898081749677658,0.8396718502044678
398,8872,435.28431133,453.33,216,3538944,0.012261400319403037,2017,0.2,2.948684088885784,0.34185791015625,0.10613168694544584,0.0003,0.027238857,0.08713127672672272,0.18969130516052246,0.8555698990821838
400,8871,453.99882409,461.85,217,3555328,-0.002424180624075234,2021,0.2,2.92631609082222,0.3707421875,0.10213295979425312,0.0003,0.038350403,0.03504114970564842,0.19031572341918945,0.8574672341346741
402,8874,421.10212098999995,437.8,218,3571712,0.0059737743557257165,2023,0.2,2.9121782355389354,0.3559653072033898,0.11381608181459418,0.0003,0.031854447,0.04480355232954025,0.19027042388916016,0.8420348167419434
404,8872,458.9009945899999,482.62,219,3588096,-0.0011108757915078765,2027,0.2,2.9084792655927165,0.3741138599537037,0.10986683724655046,0.0003,0.034721665,0.03156537562608719,0.19045765697956085,0.8532010316848755
406,8871,430.1202425,475.39,220,3604480,-0.0028074570587688238,2031,0.2,2.9009570184155047,0.3789245035046729,0.11146281495968872,0.0003,0.036514845,0.026193246245384216,0.19055508077144623,0.8293047547340393
408,8873,473.4988091199999,503.73,221,3620864,0.004472183522123557,2034,0.2,2.8836523166069616,0.35700120192307694,0.15220117035966654,0.0003,0.039428677,0.06028485298156738,0.1909583956003189,0.792271614074707
409,8873,449.46163972999994,469.48,222,3637248,0.0029666799393187207,2037,0.2,2.8840283169979,0.3736423399390244,0.11057500048290665,0.0003,0.036854707,0.030899979174137115,0.1905411034822464,0.838873028755188
411,8873,436.76336073999994,441.68,223,3653632,0.0005862393794027535,2040,0.2,2.8876125954292915,0.3653716216216216,0.10242645386103037,0.0003,0.03286046,0.08118867874145508,0.19075267016887665,0.852584183216095
413,8874,453.37942814,446.69,224,3670016,0.006839933643611718,2042,0.2,2.888022070028344,0.3584582270408163,0.10871496693972423,0.0003,0.033652112,0.03529701754450798,0.19066663086414337,0.8490781784057617
415,8877,509.57422180000003,493.08,225,3686400,0.0052490136282437524,2044,0.2,2.8876387606496396,0.3597995923913043,0.09776906681287548,0.0003,0.031286728,0.0684758871793747,0.19077102839946747,0.840644121170044
416,8881,517.1611793899999,511.09,226,3702784,0.015600613924621974,2045,0.2,2.8786801482146642,0.31559551886792453,0.08328133188890961,0.0003,0.02506569,0.029839154332876205,0.19086389243602753,0.8487801551818848
418,8883,531.66197194,527.59,227,3719168,0.009083514215935971,2047,0.2,2.8761058040693697,0.3642769607843137,0.17513842482631112,0.0003,0.034706008,0.08763501048088074,0.19087602198123932,0.7414531707763672
420,8884,456.38689217,478.48,228,3735552,0.0025543364670688974,2050,0.2,2.885999225590327,0.3637360873287671,0.10507302547562612,0.0003,0.03546504,0.04770992696285248,0.19078142940998077,0.8504180312156677
422,8888,437.36799283,449.83,229,3751936,0.010715683861433165,2052,0.2,2.879775050757588,0.3333899456521739,0.18835079497185306,0.0003,0.03720359,0.08377737551927567,0.19094856083393097,0.7455528974533081
424,8886,431.9705381300001,442.05,230,3768320,-0.0044981511697794,2056,0.2,2.856409070838211,0.38119324252136755,0.1157830545726495,0.0003,0.036665335,0.05517963320016861,0.19133467972278595,0.8353418111801147
426,8884,450.75816578999996,442.2,231,3784704,-0.002394598966020567,2060,0.2,2.845319526270032,0.3790435791015625,0.10569808285799809,0.0003,0.03606895,0.03360866755247116,0.19142206013202667,0.8336459994316101
427,8888,440.8515967199999,443.72,232,3801088,0.010596279552291062,2061,0.2,2.8400488766756924,0.27974076704545453,0.09911857215179638,0.0003,0.021410335,0.04657583683729172,0.19143277406692505,0.8614813685417175
429,8889,449.66010995,450.47,233,3817472,0.0030405395064559398,2064,0.2,2.8362506465478377,0.3506155303030303,0.12389288571747867,0.0003,0.040913504,0.021244075149297714,0.19167257845401764,0.8445405960083008
431,8889,459.42763414999996,464.78,234,3833856,-0.0003949955662493932,2067,0.2,2.8275128769474986,0.36426326815642457,0.10866910017319231,0.0003,0.03390486,0.06312387436628342,0.19167186319828033,0.8363649249076843
433,8888,486.53814645,483.69,235,3850240,0.004588685185761931,2070,0.2,2.8212074851378417,0.3603265224358974,0.10726085816247341,0.0003,0.035622288,0.052210669964551926,0.1919672042131424,0.8476787209510803
434,8892,460.17214702999996,470.33,236,3866624,0.011943817854035591,2072,0.2,2.81085175016652,0.34969429347826086,0.11945749462946602,0.0003,0.04089406,0.08570532500743866,0.19193463027477264,0.8369608521461487
436,8894,434.33579376999995,436.71,237,3883008,0.00620576162453227,2074,0.2,2.8031577817324935,0.3579606681034483,0.11942501118856258,0.0003,0.03181273,0.04544563964009285,0.19226108491420746,0.8449470400810242
438,8893,451.92936950999996,472.21,238,3899392,0.0009443863040075621,2077,0.2,2.7703830809566563,0.35723638268156427,0.11357012715752564,0.0003,0.031658895,0.06221780180931091,0.19284754991531372,0.8474398851394653
440,8893,464.3969503799999,478.12,239,3915776,0.0012652330503730876,2080,0.2,2.754832192165096,0.3589939024390244,0.10276680014936662,0.0003,0.033477355,0.053749293088912964,0.1928258091211319,0.8118730783462524
442,8894,479.29563075,507.17,240,3932160,0.002628093536639976,2083,0.2,2.7444507410359935,0.3590343386627907,0.10502953307573186,0.0003,0.032827973,0.0493648536503315,0.1931733936071396,0.8279013633728027
444,8892,446.18856903000005,458.69,241,3948544,-0.004250474361823457,2087,0.2,2.7378237662527725,0.3736873734817814,0.11515127229485435,0.0003,0.03299293,0.04717946797609329,0.19316335022449493,0.817694902420044
445,8892,434.00515396000003,434.39,242,3964928,0.00042100715847022234,2090,0.2,2.7276472332833825,0.3631690014367816,0.10442680803438027,0.0003,0.033224296,0.046103447675704956,0.19341373443603516,0.8564251661300659
447,8889,434.19701167,431.37,243,3981312,-0.004705350792784642,2095,0.2,2.7099244471405703,0.3835043819188192,0.09928633911858185,0.0003,0.03817718,0.047984614968299866,0.19348175823688507,0.8482216596603394
449,8893,462.60998636999994,467.11,244,3997696,0.013963359496777966,2096,0.2,2.7088744072687057,0.3434399801587302,0.10474336685405837,0.0003,0.027666958,0.10072116553783417,0.1934782713651657,0.8301923871040344
451,8887,475.1453574100001,470.28,245,4014080,-0.011237651490910374,2103,0.2,2.7017890301393104,0.387123542746114,0.10543835932302043,0.0003,0.04318198,0.027187321335077286,0.19371475279331207,0.8410806655883789
453,8886,477.9143608299999,464.23,246,4030464,-0.000500457200062711,2107,0.2,2.697082367175963,0.3751143292682927,0.10403984361668912,0.0003,0.037824154,0.009921614080667496,0.19386260211467743,0.8385222554206848
455,8888,485.9237050099999,447.84,247,4046848,0.007526840083301067,2109,0.2,2.6800482721612005,0.3717512376237624,0.10193431705679043,0.0003,0.035093114,0.05996343493461609,0.19406424462795258,0.8329217433929443
456,8891,465.78842095999994,444.37,248,4063232,0.009090902256714396,2111,0.2,2.672784627870072,0.36155523255813954,0.10397203738779523,0.0003,0.034779415,0.06313943862915039,0.19409002363681793,0.8434655666351318
459,8887,415.37721302000006,402.42,249,4079616,-0.005562176829723477,2116,0.2,2.672185407203882,0.3817230017006803,0.12308563553050261,0.0003,0.036627043,0.027861520648002625,0.19400478899478912,0.8133615851402283
460,8887,352.81296805,354.31,250,4096000,0.0025588545169701023,2119,0.2,2.675583493772638,0.36259920634920634,0.1285861417375229,0.0003,0.032531008,0.06733223050832748,0.19415147602558136,0.8309658765792847
462,8891,353.3460772,363.36,251,4112384,0.012458784296652493,2120,0.2,2.6692054563639114,0.3004623724489796,0.13249509614341112,0.0003,0.023594493,0.10470866411924362,0.19406849145889282,0.8395796418190002
464,8889,395.66683689999996,391.03,252,4128768,-0.004768962626001523,2124,0.2,2.6596689669423084,0.36966740145228216,0.13237743602130422,0.0003,0.034348298,0.041709624230861664,0.19452786445617676,0.8154065012931824
466,8887,459.66786164999996,443.16,253,4145152,-0.003056964020288433,2128,0.2,2.6375035559758544,0.387603759765625,0.08993532587192021,0.0003,0.033726603,0.02408502623438835,0.19475078582763672,0.8445622324943542
468,8886,469.09075491999994,445.05,254,4161536,-0.0009387094310667149,2131,0.2,2.625805319932403,0.3806630291005291,0.10135971829689369,0.0003,0.034516472,0.02014392428100109,0.19497732818126678,0.8415502905845642
470,8886,451.29872035000005,436.92,255,4177920,0.0015281292504542286,2134,0.2,2.620788473458517,0.36821056547619047,0.10825337959630858,0.0003,0.03236608,0.03807210922241211,0.1949107050895691,0.8366798758506775
471,8888,391.96605332,402.79,256,4194304,0.006227080221669596,2136,0.2,2.617475191100699,0.3384989754098361,0.11981692882712747,0.0003,0.030547272,0.047923699021339417,0.19500814378261566,0.8242015838623047
473,8887,374.9855324200001,386.21,257,4210688,-0.0008331815996032985,2139,0.2,2.60876864417989,0.37876002673796794,0.1297276613705936,0.0003,0.032756425,0.04530094563961029,0.19509609043598175,0.8398473262786865
475,8885,382.30002561000003,378.99,258,4227072,-0.0016088774578680318,2143,0.2,2.5948663420147366,0.3768265335648148,0.11214026182682978,0.0003,0.035215385,0.023378515616059303,0.19550247490406036,0.8418205380439758
477,8888,425.77640136,414.6,259,4243456,0.009631835602897596,2145,0.2,2.5852889735647975,0.36087101063829785,0.09286628401976951,0.0003,0.034522302,0.03561220318078995,0.19541631639003754,0.8439394235610962
479,8887,399.30843681999994,393.52,260,4259840,0.0019128470248061008,2148,0.2,2.5818158442946686,0.36530172413793105,0.10930611208166885,0.0003,0.03128583,0.03636312484741211,0.19557474553585052,0.8427130579948425
481,8887,398.50165165,395.12,261,4276224,-0.001608527891146831,2152,0.2,2.574999057329618,0.3793669871794872,0.12114116331705681,0.0003,0.042985648,0.01395481824874878,0.19572685658931732,0.8338451981544495
483,8886,405.05524152,406.13,262,4292608,-0.0032215659700318418,2156,0.2,2.5672366669198046,0.3759191176470588,0.10817105262031575,0.0003,0.033094537,0.02660723403096199,0.1956697553396225,0.8493285179138184
484,8887,429.21774254999997,425.58,263,4308992,0.006151376233336706,2158,0.2,2.5648791790008545,0.3464426577669903,0.11881238916545238,0.0003,0.02797176,0.043078236281871796,0.1958087682723999,0.8433205485343933
486,8888,409.62461271,434.92,264,4325376,0.0006081586835501963,2161,0.2,2.561594602573349,0.37015248493975905,0.13027079941996608,0.0003,0.036773607,0.07095441967248917,0.19585305452346802,0.8206025958061218
488,8887,445.68335575000003,467.4,265,4341760,0.0002991499779112052,2164,0.2,2.5500422422798517,0.3765134162303665,0.19634973351399937,0.0003,0.036328528,0.11751626431941986,0.19618435204029083,0.7147938013076782
490,8888,466.3287718700001,484.1,266,4358144,0.001641533644044701,2167,0.2,2.5407230733316157,0.37373912183544306,0.12050707383623606,0.0003,0.034942817,0.08074658364057541,0.19604237377643585,0.824765682220459
492,8889,441.71778469000003,426.65,267,4374528,0.004973827290308216,2169,0.2,2.5424117461494777,0.33902853260869564,0.11238785253270812,0.0003,0.030510297,0.0825369656085968,0.19610340893268585,0.8283822536468506
493,8889,437.89959353000006,414.94,268,4390912,0.003581255901714458,2172,0.2,2.531959299480214,0.36668198529411766,0.11675703190267087,0.0003,0.03191518,0.043340206146240234,0.19654519855976105,0.8453043103218079
495,8892,439.94747850999994,422.43,269,4407296,0.012676973391564624,2173,0.2,2.515142475405047,0.34368699596774194,0.11312744622268985,0.0003,0.028883621,0.08636382222175598,0.19664235413074493,0.8297324180603027
497,8893,449.43636762999995,442.36,270,4423680,0.0056675255854520224,2176,0.2,2.500987304273502,0.3758175872093023,0.11656980560153954,0.0003,0.058591522,0.03043179400265217,0.19693517684936523,0.841381847858429
499,8896,435.67772591999994,462.56,271,4440064,0.016720341703180094,2177,0.2,2.4886149168014526,0.3479929956896552,0.15773300299870557,0.0003,0.026297696,0.14209957420825958,0.1969899982213974,0.7904462814331055
500,8898,411.01088299,433.64,272,4456448,0.005636499703836602,2179,0.2,2.487337552749359,0.35465934684684686,0.19148339344574525,0.0003,0.031795975,0.09484900534152985,0.19705601036548615,0.7578234672546387
502,8897,395.62921907,388.1,273,4472832,-0.00011210321406623226,2183,0.2,2.476977321969804,0.37454852386934673,0.12354280634890849,0.0003,0.037660576,0.04162027686834335,0.19735188782215118,0.8253262042999268
504,8897,433.05678879,411.34,274,4489216,0.0012760302873657031,2186,0.2,2.465207307478961,0.36505055147058824,0.1143972115481601,0.0003,0.033882238,0.06578980386257172,0.19731567800045013,0.8388400673866272
506,8900,419.6009389700001,421.43,275,4505600,0.007414401864510152,2188,0.2,2.462791330211765,0.34263392857142855,0.11171174540624514,0.0003,0.03021569,0.05851612612605095,0.19730596244335175,0.8341794013977051
507,8903,388.03331385999996,401.21,276,4521984,0.013021956157425175,2189,0.2,2.4722570388213447,0.30613111413043476,0.2427669475259988,0.0003,0.02435447,0.07953247427940369,0.19711776077747345,0.7279173135757446
509,8901,431.54057374999996,413.89,277,4538368,0.00018036679451375505,2193,0.2,2.465775080614312,0.37461845930232557,0.12012485366228015,0.0003,0.034753393,0.018662311136722565,0.19746936857700348,0.8335891962051392
511,8903,419.13962297000006,402.14,278,4554752,0.006104160646478144,2195,0.2,2.458820728155283,0.35997596153846156,0.10464677540585399,0.0003,0.032155134,0.04148475453257561,0.19751696288585663,0.8322546482086182
513,8905,460.04175638999993,432.46,279,4571136,0.010043070060075135,2196,0.2,2.456346537615802,0.2883234797297297,0.11073505999268712,0.0003,0.023577759,0.07332519441843033,0.19744408130645752,0.8317222595214844
514,8907,440.95566761999993,427.27,280,4587520,0.01318671399632753,2197,0.2,2.459819583569543,0.3240201271186441,0.12024601877240812,0.0003,0.024791552,0.09799404442310333,0.19742731750011444,0.8299264311790466
516,8906,415.26393313,412.47,281,4603904,-0.0012107339075743413,2201,0.2,2.449343443902071,0.37927750516528924,0.10992670497926306,0.0003,0.033675786,0.04009052366018295,0.19774915277957916,0.8454683423042297
518,8909,414.52552618999994,413.49,282,4620288,0.014892370898563129,2203,0.2,2.4335029528691217,0.31856971153846153,0.12158495508707487,0.0003,0.045398325,0.09526299685239792,0.19789636135101318,0.8406528234481812
520,8912,433.66567086000003,419.58,283,4636672,0.014399293554766525,2204,0.2,2.436881584505881,0.3240927419354839,0.11297954967425715,0.0003,0.025018336,0.10470397770404816,0.1978807896375656,0.8485031723976135
522,8912,447.3228584800001,432.19,284,4653056,0.0006595971617872351,2207,0.2,2.4193893442090775,0.3532957367549669,0.10473187956095531,0.0003,0.034226168,0.02730676531791687,0.19832761585712433,0.8142963647842407
523,8913,427.48523117999997,427.29,285,4669440,0.005290693585122899,2209,0.2,2.4150811330539974,0.3429810531496063,0.09879715189220399,0.0003,0.032036904,0.04369460791349411,0.1981659084558487,0.8499656915664673
525,8913,444.07892753999994,448.03,286,4685824,-0.0018554190648673334,2213,0.2,2.418366068038181,0.3488028606965174,0.11213383556746725,0.0003,0.037680972,0.05352019518613815,0.198191300034523,0.8273732662200928
527,8916,425.41802738,437.37,287,4702208,0.008646007591428665,2215,0.2,2.4185716739067664,0.33543669871794873,0.10750918859281601,0.0003,0.037627254,0.03219135105609894,0.19822289049625397,0.8425056338310242
529,8916,423.2236673200001,445.05,288,4718592,0.002273431426978537,2218,0.2,2.4001630868230546,0.3548828125,0.1276669084493603,0.0003,0.03633928,0.05193360522389412,0.19868238270282745,0.835877537727356
530,8919,356.1874414599999,381.26,289,4734976,0.012999446453669896,2219,0.2,2.3866258446986857,0.27989783653846156,0.13870822079479694,0.0003,0.021618148,0.09360502660274506,0.19865131378173828,0.8121732473373413
532,8915,359.85652295,385.22,290,4751360,-0.006417687170323916,2224,0.2,2.396894225478172,0.3892333984375,0.1266651367302984,0.0003,0.037175976,0.049638744443655014,0.1983751505613327,0.8195459246635437
534,8917,392.1630515300001,417.53,291,4767744,0.0074498932376580755,2226,0.2,2.403759437738006,0.33291720360824745,0.12299120065170466,0.0003,0.030549899,0.07377220690250397,0.1984071582555771,0.8213101625442505
536,8916,395.9319269999999,425.33,292,4784128,-0.0010408142441642408,2230,0.2,2.400798496187042,0.36117632772020725,0.10655810931031567,0.0003,0.052254494,0.016428589820861816,0.19853942096233368,0.8203220367431641
538,8917,377.91043618,407.48,293,4800512,0.0016448093675351216,2233,0.2,2.3807328683467,0.36428776840490795,0.11598755981476029,0.0003,0.032824975,0.047623150050640106,0.1989399790763855,0.8290700316429138
540,8914,385.4073746799999,425.9,294,4816896,-0.005710926122877649,2238,0.2,2.3693798474575343,0.38042249177631576,0.109298382579398,0.0003,0.03399232,0.019051343202590942,0.1990090012550354,0.8359439373016357
542,8913,382.1385638099999,440.25,295,4833280,-0.0049667250797418615,2242,0.2,2.3687018858534947,0.36673409598214285,0.12077570367338401,0.0003,0.035931394,0.015272924676537514,0.1989978402853012,0.7936239838600159
544,8911,379.0759501400002,446.86,296,4849664,-0.0035071495519054733,2246,0.2,2.362216676129457,0.37333289748953974,0.21536678237895088,0.0003,0.033891942,0.070292629301548,0.19918940961360931,0.7010217905044556
546,8909,341.89952511,394.51,297,4866048,-0.00464898593308606,2250,0.2,2.3594617623401932,0.3642068273092369,0.17400168005122718,0.0003,0.03344026,0.10962223261594772,0.19907648861408234,0.7647265791893005
547,8909,356.19298882000004,393.27,298,4882432,0.0019277837442895098,2253,0.2,2.3646477653134252,0.361945564516129,0.14068528586818327,0.0003,0.035187334,0.040431030094623566,0.1990623027086258,0.7784386873245239
549,8908,350.60632217,371.33,299,4898816,-0.003357065519825979,2257,0.2,2.338982075994665,0.36400923295454546,0.12605336110361598,0.0003,0.033684526,0.07203803956508636,0.1997407227754593,0.8146076798439026
551,8905,362.64584502,419.9,300,4915200,-0.004945115025258054,2262,0.2,2.3130259893157263,0.37271712662337664,0.1228263612062513,0.0003,0.03578421,0.028905250132083893,0.2000325471162796,0.8124980926513672
553,8907,372.6783653,472.05,301,4931584,0.012046136288963099,2263,0.2,2.306440333102612,0.2939660904255319,0.2618466723472514,0.0003,0.022626562,0.16840432584285736,0.1999877691268921,0.7120371460914612
555,8905,374.96678572999997,469.63,302,4947968,-0.0031723389420437484,2267,0.2,2.313702122496051,0.3565649703557312,0.14275275977703894,0.0003,0.032720864,0.06215329468250275,0.19984789192676544,0.7593134045600891
557,8907,365.06711742000005,441.76,303,4964352,0.006669348302305839,2269,0.2,2.3138204802066906,0.34435923165137616,0.1339483689004128,0.0003,0.03110839,0.066216841340065,0.19993062317371368,0.793959379196167
559,8905,355.31344599999994,415.23,304,4980736,-0.004184825823843348,2273,0.2,2.315981948953368,0.3627477973568282,0.10568545525688432,0.0003,0.033573072,0.04337503761053085,0.1998739242553711,0.8281907439231873
561,8903,339.95803612,444.58,305,4997120,-0.00646872125839541,2278,0.2,2.3310993134558617,0.3796164772727273,0.12863791173884084,0.0003,0.035460126,0.05372387170791626,0.19965650141239166,0.8052657842636108
563,8901,350.99426745,446.08,306,5013504,-0.002576547062016411,2282,0.2,2.3187378856526824,0.3754396645021645,0.2566146784466066,0.0003,0.033669297,0.13961967825889587,0.20004908740520477,0.6235579252243042
565,8900,349.58296769000003,461.64,307,5029888,-0.003913152356724347,2286,0.2,2.3095226534852036,0.37158643018018017,0.15408129909554044,0.0003,0.035228226,0.053564608097076416,0.2000495195388794,0.7438502311706543
567,8898,389.92297448000005,481.84,308,5046272,-0.0060613775043277,2290,0.2,2.306304948050001,0.3746995192307692,0.11903928066434165,0.0003,0.0340626,0.04712597653269768,0.20019005239009857,0.7794224619865417
568,8898,413.25098088,477.42,309,5062656,-0.0013000003681605998,2294,0.2,2.2855234157364324,0.3747051886792453,0.17111910609001257,0.0003,0.04021672,0.08925530314445496,0.20066268742084503,0.6667588353157043
571,8894,409.12808672000006,455.0,310,5079040,-0.009842675216843068,2300,0.2,2.261947144632754,0.3789547748447205,0.08974046706690551,0.0003,0.038827877,0.011740071699023247,0.20099638402462006,0.8428958654403687
572,8894,394.70849008,410.29,311,5095424,-0.0006069266131486405,2304,0.2,2.2445012125101957,0.37178622159090907,0.09590396689759059,0.0003,0.03482453,0.024510134011507034,0.2013368159532547,0.8223275542259216
574,8892,432.42077863,444.71,312,5111808,-0.0033307432455949764,2308,0.2,2.22237594394763,0.36281120331950206,0.09283008250210789,0.0003,0.034053575,0.05570532754063606,0.20175893604755402,0.8453951478004456
576,8891,419.44620831,428.25,313,5128192,-0.0006608607429193287,2312,0.2,2.204070114507908,0.36753048780487807,0.10860183389811981,0.0003,0.03672168,0.012154452502727509,0.20185470581054688,0.7956774830818176
578,8891,395.07543767000004,400.3,314,5144576,-0.00021585092527439466,2315,0.2,2.184575396615106,0.3644214527027027,0.11163792223543734,0.0003,0.031842664,0.03967082127928734,0.2023743987083435,0.8298848271369934
580,8891,404.86001771,407.49,315,5160960,-0.0003522603355936314,2318,0.2,2.16279883761155,0.3579358552631579,0.10307399899159607,0.0003,0.03229147,0.03163966163992882,0.20263051986694336,0.8434082865715027
582,8891,411.49764188,416.51,316,5177344,-0.0010181461114823166,2321,0.2,2.146288168234903,0.3795252732240437,0.09289328340705627,0.0003,0.034825847,0.016254175454378128,0.2030142992734909,0.8340288996696472
584,8889,418.03071432999997,424.13,317,5193728,-0.0037231495704393666,2325,0.2,2.13218717159572,0.3733629408713693,0.09096830284137944,0.0003,0.034908876,0.032427430152893066,0.2031400203704834,0.8560396432876587
586,8889,382.28067978000007,425.21,318,5210112,-0.0011880607902033564,2328,0.2,2.1195172294974327,0.3533732096354167,0.13718313122323403,0.0003,0.031264,0.058933015912771225,0.20323993265628815,0.8137277364730835
587,8890,391.3958016099999,436.54,319,5226496,0.004866777121472036,2331,0.2,2.1083342955093975,0.3384205426356589,0.13671253586924353,0.0003,0.049575668,0.04905601963400841,0.2035590410232544,0.7890558838844299
589,8888,412.8064299700001,428.93,320,5242880,-0.0032088653941897685,2335,0.2,2.0732123050452267,0.3629894968879668,0.12691170799534351,0.0003,0.032193594,0.0616472065448761,0.20422841608524323,0.7959693670272827
591,8888,443.2498265699999,443.49,321,5259264,0.0014348455921882827,2338,0.2,2.0531130466568337,0.36602440308988765,0.09851570935982666,0.0003,0.03398776,0.006210999563336372,0.2044541835784912,0.8306553363800049
593,8889,436.48354493,424.31,322,5275648,0.007444040527866211,2340,0.2,2.050307771305979,0.3169849537037037,0.08681474561676567,0.0003,0.033512503,0.038036465644836426,0.20448829233646393,0.8491948843002319
595,8889,471.3830763500001,449.47,323,5292032,0.003299770859081911,2343,0.2,2.0476330382914485,0.3685967167721519,0.10102550595810142,0.0003,0.0340029,0.07729212194681168,0.20445622503757477,0.826144814491272
597,8890,475.13997477,459.98,324,5308416,0.003997080841226809,2346,0.2,2.0434922406922524,0.35969566231343286,0.08632481832112839,0.0003,0.039474536,0.03701379522681236,0.20458374917507172,0.8592328429222107
599,8888,467.57108633999997,455.3,325,5324800,-0.005533164021443547,2351,0.2,2.019019933634026,0.3789819525193798,0.08067790465790403,0.0003,0.045976803,0.03653181344270706,0.20509354770183563,0.863559901714325
600,8888,413.90723115000003,411.74,326,5341184,-0.0024318465973529437,2354,0.2,2.0005302685128767,0.3610963983050847,0.11173882253341756,0.0003,0.034114,0.0676690861582756,0.2054787129163742,0.8410817384719849
602,8887,403.22333552,407.9,327,5357568,-0.001268837784484096,2358,0.2,1.9665809697933025,0.37698831644144143,0.11143909424946115,0.0003,0.034443296,0.03947724401950836,0.20590682327747345,0.8347717523574829
604,8888,408.35602568999997,402.7,328,5373952,0.003926697249213854,2361,0.2,1.9372723040757356,0.36223958333333334,0.10432672459218237,0.0003,0.040545072,0.021538669243454933,0.20654428005218506,0.8234714865684509
606,8887,427.17785009000005,414.78,329,5390336,-0.0002219627145677805,2365,0.2,1.9148984738758632,0.3826822916666667,0.10021132127869697,0.0003,0.037185136,0.03231202811002731,0.20678848028182983,0.830459475517273
608,8890,429.20159,421.77,330,5406720,0.012727012236913046,2366,0.2,1.9117560093862969,0.30770285087719296,0.09013561499223374,0.0003,0.023949957,0.06071202829480171,0.2066798359155655,0.8465564250946045
610,8888,415.4486255400001,416.22,331,5423104,-0.005471360067421773,2370,0.2,1.9016096103622253,0.3572414658634538,0.09616272179896095,0.0003,0.03261396,0.02212013490498066,0.20720426738262177,0.8270026445388794
611,8888,441.33596706000003,437.24,332,5439488,0.00013996375735826836,2373,0.2,1.878471227463134,0.34508327095808383,0.11678881381086247,0.0003,0.030702662,0.0369204506278038,0.2074289321899414,0.8218234777450562
613,8889,457.64353202,444.12,333,5455872,0.002862561953305784,2376,0.2,1.8704792600538995,0.341064453125,0.09084437707335585,0.0003,0.034508623,0.04189128801226616,0.20753975212574005,0.8270876407623291
615,8885,499.19310238,476.55,334,5472256,-0.00832496679920171,2382,0.2,1.8618205202386735,0.37780205167173253,0.08399335157952773,0.0003,0.03884748,0.01175779104232788,0.20756788551807404,0.834821879863739
617,8882,451.6903413500001,438.85,335,5488640,-0.008681189069981391,2388,0.2,1.8636146843063166,0.37673476319875776,0.09029480007401905,0.0003,0.041893885,0.004510670900344849,0.20756478607654572,0.8263548612594604
619,8880,452.16663830000005,437.31,336,5505024,-0.0031548500701319426,2392,0.2,1.8788646762569745,0.36961263020833335,0.09258609547590216,0.0003,0.03486057,0.03272572159767151,0.20713631808757782,0.8519151210784912
621,8880,396.21220686999993,400.26,337,5521408,-0.001054756294347738,2395,0.2,1.908825519210414,0.3572985197368421,0.10026353368241536,0.0003,0.032111928,0.0363604798913002,0.20673656463623047,0.851521372795105
623,8879,397.34041785,415.23,338,5537792,-0.0038164656601503305,2399,0.2,1.9090491109313326,0.362807269874477,0.11858540182644851,0.0003,0.03261286,0.02993219904601574,0.20679974555969238,0.8254250884056091
625,8878,394.8551641600001,425.27,339,5554176,-0.004321579764718595,2403,0.2,1.9023420478986657,0.35568953804347825,0.1155745934209098,0.0003,0.03129318,0.02688746154308319,0.20693187415599823,0.8026934266090393
627,8875,375.75002601,407.33,340,5570560,-0.002508415168454054,2407,0.2,1.9005392690010259,0.3693234298029557,0.11291219097713531,0.0003,0.03765839,0.04091925919055939,0.2069454938173294,0.8062778115272522
629,8877,387.70309447000005,419.69,341,5586944,0.012863516053628354,2408,0.2,1.8929304679234822,0.2973090277777778,0.11921152212317028,0.0003,0.021873536,0.09946790337562561,0.20701198279857635,0.8176296949386597
631,8876,418.58531147999986,442.99,342,5603328,-0.0029185656199438702,2412,0.2,1.9009480435624082,0.3674045138888889,0.10117620314097303,0.0003,0.032753397,0.058501362800598145,0.20676656067371368,0.8196146488189697
633,8876,425.29276714,460.21,343,5619712,0.001135419802690413,2415,0.2,1.9127724457552089,0.35434074197860965,0.0936953050886246,0.0003,0.029742423,0.01822211779654026,0.20662550628185272,0.8519654870033264
634,8876,414.44592436,444.36,344,5636096,8.744493970880285e-05,2418,0.2,1.9072929501533509,0.3492431640625,0.14105142666958273,0.0003,0.032818664,0.04844833165407181,0.20701630413532257,0.7715421915054321
636,8878,427.57993733,433.63,345,5652480,0.0027752402674058358,2421,0.2,1.8938720329202337,0.36463017086330934,0.1016292022072154,0.0003,0.03438503,0.035046521574258804,0.20712153613567352,0.8366647958755493
638,8877,434.5316269599999,447.46,346,5668864,-0.0030786693593662265,2425,0.2,1.8897185147318065,0.36503405448717946,0.1009687565617327,0.0003,0.034526844,0.05071444436907768,0.20707249641418457,0.8204740881919861
640,8877,405.72984345,417.54,347,5685248,-0.0002615716034158837,2429,0.2,1.8963129689850784,0.36738578680203043,0.09555181121538739,0.0003,0.037971973,0.019097454845905304,0.20698046684265137,0.8303093910217285
642,8876,370.63023655999996,398.68,348,5701632,-0.005160047881741156,2433,0.2,1.9057351878348818,0.36587433510638295,0.1170378086414743,0.0003,0.033100236,0.045153263956308365,0.206868514418602,0.8210774660110474
644,8875,363.00271103000006,408.01,349,5718016,-0.003756570834059882,2438,0.2,1.8824578952972002,0.3714978448275862,0.13641137521271504,0.0003,0.037331957,0.045092981308698654,0.2074773758649826,0.776492714881897
646,8873,408.78272598999996,439.61,350,5734400,-0.004530054164316618,2443,0.2,1.860880953795982,0.37525153882575757,0.10632354622198777,0.0003,0.038331166,0.027319133281707764,0.20753051340579987,0.8097330927848816
648,8871,413.24642070999994,436.08,351,5750784,-0.006203408671890275,2448,0.2,1.871042546175294,0.3690280720338983,0.0800090141468129,0.0003,0.033386964,0.029839785769581795,0.20737701654434204,0.8185128569602966
650,8869,450.62634899,465.38,352,5767168,-0.009104914466706922,2453,0.2,1.855977487820451,0.36893761200716846,0.11373070887820695,0.0003,0.03269766,0.037393808364868164,0.20780813694000244,0.8035497665405273
651,8870,414.4671451499999,431.44,353,5783552,0.002397217820290216,2456,0.2,1.845918567605721,0.34593023255813954,0.08195066030404365,0.0003,0.05092766,0.022916946560144424,0.20784473419189453,0.833005964756012
653,8868,403.1981713,400.41,354,5799936,-0.008232631671668614,2461,0.2,1.8426110962689932,0.37441737288135596,0.09925038858743038,0.0003,0.033936802,0.05192171037197113,0.2079983800649643,0.8353869318962097
655,8866,398.87372524,402.27,355,5816320,-0.00409137422022687,2466,0.2,1.8346999014500391,0.3902461329431438,0.09591885834284451,0.0003,0.037284564,0.02059544250369072,0.20807917416095734,0.8401076793670654
657,8868,402.89278132,409.18,356,5832704,0.006870715051061577,2468,0.2,1.8181479723766596,0.3466303661616162,0.09653646047368195,0.0003,0.03639436,0.06814713776111603,0.20851783454418182,0.8544715642929077
659,8870,413.48789465999994,429.06,357,5849088,0.006723911266712364,2470,0.2,1.8052926043833584,0.34998063016528924,0.0984248562046319,0.0003,0.030605579,0.05904577299952507,0.2084031105041504,0.8438440561294556
661,8866,398.82001235,410.01,358,5865472,-0.01068961575436604,2476,0.2,1.8099955694472536,0.37548828125,0.10904634330778364,0.0003,0.034367807,0.02420082315802574,0.20852462947368622,0.792278528213501
663,8866,412.1299560899999,402.64,359,5881856,-0.0006447484222334924,2479,0.2,1.8060169286942214,0.3598358497191011,0.09955309764639045,0.0003,0.03417461,0.04919174686074257,0.20850379765033722,0.827178418636322
665,8864,406.4450599599999,405.47,360,5898240,-0.00646326001686025,2484,0.2,1.8109576475052607,0.3851509353741497,0.08333911339999461,0.0003,0.036167663,0.020815689116716385,0.2082800418138504,0.8522865772247314
667,8867,427.02805691000003,417.51,361,5914624,0.007765135552443854,2486,0.2,1.8167782170431954,0.3336038961038961,0.10461852157657797,0.0003,0.03145705,0.0501335933804512,0.2083853930234909,0.8232700824737549
668,8868,478.37999628000006,455.81,362,5931008,0.006150612827729095,2488,0.2,1.8034929622303355,0.3506747159090909,0.07719676884060556,0.0003,0.030370187,0.03545982763171196,0.20872898399829865,0.8410211801528931
670,8866,504.33464832,479.53,363,5947392,-0.008711156253978563,2494,0.2,1.7663818668353595,0.38144957165109034,0.08230170705051065,0.0003,0.04510933,0.021371915936470032,0.2093404084444046,0.8405953645706177
672,8866,508.3630014000001,487.84,364,5963776,-0.00033121607291004644,2497,0.2,1.7436402960429116,0.3583416005291005,0.09766952281512281,0.0003,0.033232134,0.05127539485692978,0.20981864631175995,0.8549705743789673
674,8865,492.31673944,476.14,365,5980160,-0.004487622592031308,2501,0.2,1.7379858307216478,0.3685461956521739,0.07875864688792954,0.0003,0.033791132,0.03337784484028816,0.2097427397966385,0.8400530815124512
676,8867,484.75724173,461.38,366,5996544,0.005147300403271066,2503,0.2,1.727851929371817,0.33103755482456143,0.08652945552348044,0.0003,0.031577535,0.039927929639816284,0.2099970430135727,0.8527325391769409
677,8869,412.49070882,407.1,367,6012928,0.01564806586247869,2504,0.2,1.7236987706273794,0.31915283203125,0.10877728863852099,0.0003,0.024241954,0.12764154374599457,0.20991426706314087,0.8227857351303101
