time/fps,time/time_elapsed,rollout/ep_len_mean,time/total_timesteps,rollout/ep_rew_mean,time/iterations,train/value_loss,train/loss,train/approx_kl,train/n_updates,train/policy_gradient_loss,train/clip_fraction,train/learning_rate,train/clip_range,train/entropy_loss,train/std,train/explained_variance,eval/mean_ep_length,eval/mean_reward
11592,1,1000.0,16384,217.92210593750002,1,,,,,,,,,,,,,
8709,3,1000.0,32768,220.87723840625,2,0.14865301465033554,0.0016873888671398163,0.015926603,10,-0.016885014316358138,0.18841552734375,0.0003,0.2,-4.998168969899416,0.3667968809604645,-2.614348888397217,,
8064,6,1000.0,49152,223.90885066666667,3,0.029356128624931442,-0.008473794907331467,0.01616985,20,-0.021184929724768153,0.196942138671875,0.0003,0.2,-4.948886671662331,0.3651966154575348,0.041938722133636475,,
7734,8,1000.0,65536,225.8769746875,4,0.021733101330755743,-0.024516895413398743,0.01663024,30,-0.023554670110024746,0.211553955078125,0.0003,0.2,-4.8928935445845125,0.3632408380508423,0.6319146156311035,,
7569,10,1000.0,81920,228.16011826249996,5,0.01602543568587862,-0.030397264286875725,0.017951123,40,-0.02455251216961187,0.230120849609375,0.0003,0.2,-4.809800740331411,0.36089420318603516,0.710350751876831,,
7470,13,1000.0,98304,230.88774814583334,6,0.012725997244706378,-0.02580084651708603,0.01825798,50,-0.025072039272345137,0.2319091796875,0.0003,0.2,-4.736373607069254,0.3584786355495453,0.7753239870071411,,
,,,100000,,,0.00988394072483061,-0.031112363561987877,0.018849727,60,-0.027772676482709358,0.247247314453125,0.0003,0.2,-4.6394372001290325,0.3556479513645172,0.826757550239563,1000.0,305.76111380000003
6748,16,1000.0,114688,235.61021453999993,7,,,,,,,,,,,,,
6774,19,1000.0,131072,241.94953782000005,8,0.00850845446329913,-0.033799439668655396,0.019697769,70,-0.028581139298330525,0.2555419921875,0.0003,0.2,-4.561413065344095,0.35366296768188477,0.8182369470596313,,
6798,21,1000.0,147456,249.63173009,9,0.007220470836909953,-0.0344502218067646,0.02092572,80,-0.028986530688416678,0.261199951171875,0.0003,0.2,-4.49330061674118,0.3513462543487549,0.8392121195793152,,
6801,24,1000.0,163840,257.85738895,10,0.005461140532861464,-0.04079598933458328,0.021279424,90,-0.02983259514949168,0.269683837890625,0.0003,0.2,-4.405866628885269,0.34869036078453064,0.8527463674545288,,
6826,26,1000.0,180224,266.82740149000006,11,0.00541524801919877,-0.03728163614869118,0.021508222,100,-0.029531619161571144,0.265435791015625,0.0003,0.2,-4.318338502943516,0.3460826575756073,0.8598247766494751,,
6833,28,1000.0,196608,275.51992764000005,12,0.0057928699472540755,-0.0365157313644886,0.024021018,110,-0.028649726159346755,0.287255859375,0.0003,0.2,-4.248708079755306,0.3440532684326172,0.875566840171814,,
,,,200000,,,0.004646022977613029,-0.03948785364627838,0.022110801,120,-0.028696091151505242,0.273529052734375,0.0003,0.2,-4.152976030856371,0.3414511978626251,0.892479658126831,1000.0,374.688811
6532,32,1000.0,212992,284.70197072999997,13,,,,,,,,,,,,,
6562,34,1000.0,229376,294.8275802,14,0.004272561438119738,-0.03803253546357155,0.02173643,130,-0.028162478677768377,0.273553466796875,0.0003,0.2,-4.065910485386849,0.33884334564208984,0.8832448124885559,,
6593,37,1000.0,245760,303.44933169999996,15,0.0036010934612932034,-0.036842066794633865,0.02284708,140,-0.028168064642159152,0.2749755859375,0.0003,0.2,-3.9841188438236714,0.336822509765625,0.8672678470611572,,
6609,39,1000.0,262144,311.78215604999997,16,0.0033912515342308324,-0.028271665796637535,0.02519044,150,-0.02945402186960564,0.295770263671875,0.0003,0.2,-3.8929840005934238,0.33417293429374695,0.8880546689033508,,
6636,41,1000.0,278528,319.67631472,17,0.0037128887362996464,-0.034938327968120575,0.024523035,160,-0.02843343102358631,0.292437744140625,0.0003,0.2,-3.828812161833048,0.33225974440574646,0.8994323015213013,,
6656,44,1000.0,294912,329.12450430999996,18,0.00265056952375744,-0.044202473014593124,0.024531364,170,-0.029246664324455197,0.293804931640625,0.0003,0.2,-3.719408766180277,0.32936379313468933,0.9088682532310486,,
,,,300000,,,0.002615344293008093,-0.03270554170012474,0.025698386,180,-0.030285232142705353,0.300390625,0.0003,0.2,-3.623702620714903,0.3266936242580414,0.918549120426178,1000.0,430.7696836
6454,48,1000.0,311296,337.66476347,19,,,,,,,,,,,,,
6478,50,1000.0,327680,344.28164311,20,0.0027641625581964037,-0.052160248160362244,0.02555373,190,-0.030279013232211584,0.305511474609375,0.0003,0.2,-3.5359195090830324,0.3238855302333832,0.9208338856697083,,
6503,52,1000.0,344064,354.81433378,21,0.0021176048860070294,-0.03352952376008034,0.025907218,200,-0.030053088761633262,0.303607177734375,0.0003,0.2,-3.420266129821539,0.32094934582710266,0.9442551136016846,,
6520,55,1000.0,360448,362.59967084999994,22,0.002587763585324865,-0.032666873186826706,0.02765346,210,-0.030187352088978513,0.306329345703125,0.0003,0.2,-3.3108263336122037,0.31822049617767334,0.9482033848762512,,
6546,57,1000.0,376832,370.05193575,23,0.003003564510254364,-0.03771660849452019,0.027314775,220,-0.030870529478124808,0.299310302734375,0.0003,0.2,-3.1954368270933626,0.314922958612442,0.9342510104179382,,
6563,59,1000.0,393216,377.79385416,24,0.0017594225365428428,-0.0406598262488842,0.02769453,230,-0.03069372185927932,0.30927734375,0.0003,0.2,-3.0645648509263994,0.3117460608482361,0.9514157772064209,,
,,,400000,,,0.0017796484851714922,-0.037540365010499954,0.027280632,240,-0.02999059299545479,0.3205078125,0.0003,0.2,-2.962331148982048,0.3090613782405853,0.9380491375923157,1000.0,476.871208
6427,63,1000.0,409600,386.2857506000001,25,,,,,,,,,,,,,
6449,66,1000.0,425984,395.26704839000007,26,0.0022282617187556752,-0.03297519311308861,0.027340963,250,-0.027247346295189344,0.3138427734375,0.0003,0.2,-2.8683319985866547,0.306549608707428,0.9207414984703064,,
6467,68,1000.0,442368,403.92522019000006,27,0.0016885238226677756,-0.04192080721259117,0.028836533,260,-0.02997497283904522,0.32142333984375,0.0003,0.2,-2.7584065824747084,0.30364516377449036,0.9405214786529541,,
6483,70,1000.0,458752,414.19911771,28,0.0012288110435292765,-0.04800764098763466,0.028947275,270,-0.029176534387806895,0.331768798828125,0.0003,0.2,-2.6246418386697767,0.30065616965293884,0.9487846493721008,,
6503,73,1000.0,475136,422.8710783200001,29,0.001279922206686024,-0.037323951721191406,0.029192854,280,-0.027742212196608308,0.324981689453125,0.0003,0.2,-2.523615091666579,0.29779401421546936,0.9397380948066711,,
6518,75,1000.0,491520,430.83902083,30,0.0014426916181037087,-0.034535620361566544,0.030349676,290,-0.029004658852136343,0.336114501953125,0.0003,0.2,-2.3777594186365603,0.2941570281982422,0.9562286138534546,,
,,,500000,,,0.000937039436030318,-0.03185262158513069,0.028917128,300,-0.029855241149198262,0.338836669921875,0.0003,0.2,-2.246752446144819,0.2912052571773529,0.9505983591079712,1000.0,523.1395252
6409,79,1000.0,507904,439.74110549000005,31,,,,,,,,,,,,,
6427,81,1000.0,524288,448.2241749100001,32,0.0009438878807031869,-0.04722483828663826,0.02743526,310,-0.02912076536231325,0.329443359375,0.0003,0.2,-2.1358235642313956,0.2885912358760834,0.9317923784255981,,
6438,83,1000.0,540672,456.64654516,33,0.001128388296592675,-0.03775157406926155,0.030180652,320,-0.02808565437007928,0.34202880859375,0.0003,0.2,-2.02933714017272,0.2855844795703888,0.9340680241584778,,
6456,86,1000.0,557056,464.21656225,34,0.0009108191546602029,-0.03515833616256714,0.030359078,330,-0.029547306845415733,0.3523681640625,0.0003,0.2,-1.8918529650196434,0.2824288010597229,0.9513393044471741,,
6472,88,1000.0,573440,471.78511431,35,0.001070488609093445,-0.03968066722154617,0.030630184,340,-0.028174902419777936,0.340728759765625,0.0003,0.2,-1.7668367795646192,0.2796942889690399,0.9550290703773499,,
6467,91,1000.0,589824,480.00961259999997,36,0.0009975079323339743,-0.036317527294158936,0.031542547,350,-0.028094617320311953,0.3478759765625,0.0003,0.2,-1.6413389399647713,0.2768928110599518,0.9539888501167297,,
,,,600000,,,0.0007563063876204979,-0.027964117005467415,0.030643307,360,-0.02934512361025554,0.344793701171875,0.0003,0.2,-1.5104362504556774,0.2737574875354767,0.9616211652755737,1000.0,574.2185483999999
6366,95,1000.0,606208,488.00903909,37,,,,,,,,,,,,,
6371,97,1000.0,622592,493.99199745,38,0.0007786412747464056,-0.04264399781823158,0.032918323,370,-0.02624189496636973,0.3488525390625,0.0003,0.2,-1.3723073730245232,0.27038317918777466,0.9605343341827393,,
6379,100,1000.0,638976,501.1996228900001,39,0.0006983772181229142,-0.022442147135734558,0.03065664,380,-0.027321427770220907,0.346649169921875,0.0003,0.2,-1.2581843970343471,0.26822927594184875,0.9571539759635925,,
6394,102,1000.0,655360,507.7861798699999,40,0.0007055585378111573,-0.045616794377565384,0.03209426,390,-0.02722769709653221,0.344586181640625,0.0003,0.2,-1.1383099731057882,0.26509854197502136,0.9602022171020508,,
6408,104,1000.0,671744,513.81596698,41,0.0007755918089515035,-0.027384143322706223,0.033563238,400,-0.02645774762786459,0.352978515625,0.0003,0.2,-1.019981362298131,0.2626645267009735,0.9586440920829773,,
6422,107,1000.0,688128,521.62742968,42,0.0007196566272341442,-0.036691274493932724,0.03409201,410,-0.026594977937202204,0.356060791015625,0.0003,0.2,-0.9039016802795231,0.2604360282421112,0.9693503379821777,,
,,,700000,,,0.000728171384844245,-0.03037588857114315,0.03446088,420,-0.027657380290474976,0.353070068359375,0.0003,0.2,-0.7747984742745757,0.2571488618850708,0.9636293649673462,1000.0,599.1883262
6343,111,1000.0,704512,527.29637395,43,,,,,,,,,,,,,
6356,113,1000.0,720896,531.0244082900001,44,0.0007816262679170904,-0.04496517777442932,0.035326127,430,-0.02824172219443426,0.358660888671875,0.0003,0.2,-0.6354156976565719,0.25444546341896057,0.971913754940033,,
6369,115,1000.0,737280,535.4355465000001,45,0.0008364759854885051,-0.041579876095056534,0.038583796,440,-0.026940658105013428,0.3693115234375,0.0003,0.2,-0.5031449614558369,0.2515237033367157,0.9692603945732117,,
6383,118,1000.0,753664,540.11677222,46,0.0006587497552118293,-0.03736758977174759,0.033474565,450,-0.023283417545462724,0.349664306640625,0.0003,0.2,-0.3691495290026069,0.24861760437488556,0.9691848158836365,,
6396,120,1000.0,770048,546.36190714,47,0.0006565673361365043,-0.03476056456565857,0.03247621,460,-0.024967531725997104,0.3579345703125,0.0003,0.2,-0.23813969907350838,0.24633540213108063,0.9584275484085083,,
6409,122,1000.0,786432,551.9450523600001,48,0.0007073150346968759,-0.0389544777572155,0.034121007,470,-0.02500264614573098,0.36192626953125,0.0003,0.2,-0.09187546586617827,0.24312876164913177,0.9588785171508789,,
,,,800000,,,0.0009284029130867566,-0.044283874332904816,0.039642718,480,-0.024326190101055543,0.386346435546875,0.0003,0.2,0.037698421999812125,0.24024087190628052,0.9642722606658936,1000.0,616.2154969999999
6340,126,1000.0,802816,556.2777411699999,49,,,,,,,,,,,,,
6340,129,1000.0,819200,562.2404373400001,50,0.0004180008887715303,-0.0234709270298481,0.038652375,490,-0.02383940809268097,0.38424072265625,0.0003,0.2,0.16244118567556143,0.2382294088602066,0.9554506540298462,,
6344,131,1000.0,835584,568.7100637599999,51,0.0007167803956463104,-0.025458773598074913,0.036419995,500,-0.02473514084413182,0.36322021484375,0.0003,0.2,0.2677509369794279,0.2355087250471115,0.9634885787963867,,
6348,134,1000.0,851968,572.02601698,52,0.0007253028880768398,-0.03061198629438877,0.03763462,510,-0.02319672517296567,0.377972412109375,0.0003,0.2,0.42377451909706,0.23289649188518524,0.9634509086608887,,
6360,136,1000.0,868352,576.5447888699999,53,0.0007265802709071068,-0.03649299964308739,0.039656714,520,-0.023587233280704823,0.379815673828125,0.0003,0.2,0.5479900607839227,0.23060385882854462,0.9574580788612366,,
6373,138,1000.0,884736,580.5663826100001,54,0.0005223534983997524,-0.03754125162959099,0.03782098,530,-0.022598940108218814,0.394427490234375,0.0003,0.2,0.6936026888899505,0.22768951952457428,0.9631444811820984,,
,,,900000,,,0.0004560244770800637,-0.03471076488494873,0.038722,540,-0.02333874092037149,0.3898193359375,0.0003,0.2,0.8279087683185935,0.22523711621761322,0.9487727284431458,1000.0,644.2264056
6317,142,1000.0,901120,585.55742025,55,,,,,,,,,,,,,
6327,144,1000.0,917504,589.09341691,56,0.0006427329298503536,-0.03185069188475609,0.037764475,550,-0.021952779019920855,0.390655517578125,0.0003,0.2,0.9473961335606873,0.22279225289821625,0.9573739171028137,,
6339,147,1000.0,933888,594.08938122,57,0.00045494558792142926,-0.03442177176475525,0.039837442,560,-0.02114875266524905,0.396307373046875,0.0003,0.2,1.08943273704499,0.22018307447433472,0.9636319279670715,,
6341,149,1000.0,950272,598.8046845399999,58,0.0004456265549379168,-0.03033609874546528,0.039038647,570,-0.02256782181739254,0.388897705078125,0.0003,0.2,1.2374392587691545,0.21761079132556915,0.9751333594322205,,
6353,152,1000.0,966656,603.07275867,59,0.00040075649758364307,-0.026007359847426414,0.037573148,580,-0.021740859545388957,0.37891845703125,0.0003,0.2,1.3595703605562448,0.21602453291416168,0.9696512818336487,,
6364,154,1000.0,983040,607.87267936,60,0.0005463251326432328,-0.037404969334602356,0.03809259,590,-0.02194602663585101,0.3864013671875,0.0003,0.2,1.4228723196312785,0.21444499492645264,0.9589042663574219,,
6375,156,1000.0,999424,612.1029165,61,0.00031327698957284156,-0.0174119733273983,0.03783548,600,-0.020259785503003513,0.388323974609375,0.0003,0.2,1.5325960731133819,0.21275854110717773,0.9609037637710571,,
,,,1000000,,,0.00038083739674448224,-0.03247152641415596,0.040722653,610,-0.022222173259069677,0.397381591796875,0.0003,0.2,1.647475983388722,0.21016602218151093,0.9792619943618774,1000.0,661.996443
6324,160,1000.0,1015808,615.77940478,62,,,,,,,,,,,,,
6336,162,1000.0,1032192,620.36273784,63,0.0005923622881823576,-0.03725055977702141,0.041314416,620,-0.021159095424809492,0.398150634765625,0.0003,0.2,1.776820427365601,0.20810090005397797,0.9636739492416382,,
6345,165,1000.0,1048576,623.68637463,64,0.000550165307208772,-0.045493267476558685,0.04402139,630,-0.02173534838584601,0.39864501953125,0.0003,0.2,1.8820845087990166,0.20647530257701874,0.9711986780166626,,
6356,167,1000.0,1064960,627.0009701100001,65,0.00047393492357059583,-0.029516886919736862,0.042537037,640,-0.021632603783655214,0.41146240234375,0.0003,0.2,1.9919375469908118,0.20418258011341095,0.9744731187820435,,
6365,169,1000.0,1081344,629.0158172700001,66,0.0004585662362046605,-0.033389780670404434,0.03945163,650,-0.02227678233466577,0.40140380859375,0.0003,0.2,2.127930708229542,0.20200352370738983,0.9701619148254395,,
6375,172,1000.0,1097728,632.0714143199999,67,0.0002959488886972395,-0.035158175975084305,0.040149417,660,-0.018683585089456757,0.396044921875,0.0003,0.2,2.2555058129131793,0.20012523233890533,0.9603825211524963,,
,,,1100000,,,0.0003814180758695329,-0.033036813139915466,0.045113854,670,-0.021787992587996997,0.401715087890625,0.0003,0.2,2.3663253869861363,0.19799436628818512,0.9798142910003662,1000.0,675.7719614
6330,175,1000.0,1114112,633.0718785599998,68,,,,,,,,,,,,,
6341,178,1000.0,1130496,635.58904533,69,0.00033236357118084927,-0.0273534394800663,0.044706106,680,-0.01934194241221121,0.384674072265625,0.0003,0.2,2.474496453627944,0.19641517102718353,0.9795935750007629,,
6349,180,1000.0,1146880,636.60699515,70,0.0004373586666815754,-0.027315350249409676,0.043961875,690,-0.018891089522003312,0.38577880859375,0.0003,0.2,2.6058494322001935,0.19417737424373627,0.9737540483474731,,
6359,182,1000.0,1163264,638.38148147,71,0.0005889669710199997,-0.029289431869983673,0.0419339,700,-0.0196532441641466,0.397125244140625,0.0003,0.2,2.6993530932813883,0.1921936720609665,0.9467553496360779,,
6368,185,1000.0,1179648,640.4886965000001,72,0.00033711189937548627,-0.03784133866429329,0.04945341,710,-0.019586631720449076,0.437451171875,0.0003,0.2,2.8681004747748373,0.19017551839351654,0.9667350053787231,,
6377,187,1000.0,1196032,641.85174629,73,0.0004374924458488749,-0.025968514382839203,0.043805704,720,-0.019477503109010287,0.4088623046875,0.0003,0.2,2.9735002115368845,0.1882198303937912,0.968528687953949,,
,,,1200000,,,0.0003487464642375926,-0.029837828129529953,0.045028105,730,-0.019123224607028533,0.417108154296875,0.0003,0.2,3.0981022369116546,0.18639981746673584,0.9726850986480713,1000.0,677.094887
6334,191,1000.0,1212416,644.80634254,74,,,,,,,,,,,,,
6343,193,1000.0,1228800,646.65460968,75,0.0004989817462387691,-0.03540140017867088,0.046510518,740,-0.017256871140671138,0.41817626953125,0.0003,0.2,3.2216221570968626,0.18432939052581787,0.9583852887153625,,
6352,196,1000.0,1245184,648.58040707,76,0.00047362836536422035,-0.036199502646923065,0.052198734,750,-0.019626605281519004,0.436651611328125,0.0003,0.2,3.35539075024426,0.18232107162475586,0.976833164691925,,
6361,198,1000.0,1261568,651.0418808,77,0.00040567915067413196,-0.02861607074737549,0.049245045,760,-0.017210069260181628,0.41953125,0.0003,0.2,3.461273715645075,0.18104010820388794,0.9677361249923706,,
6369,200,1000.0,1277952,652.12183681,78,0.0006015941448140438,-0.0055289678275585175,0.04313829,770,-0.017988720108041888,0.390020751953125,0.0003,0.2,3.533118036016822,0.17997194826602936,0.9711896181106567,,
6376,202,1000.0,1294336,655.7241094,79,0.00033274345076961254,-0.030701618641614914,0.051013604,780,-0.016971642118369344,0.437158203125,0.0003,0.2,3.6024781852960586,0.179073765873909,0.9610865712165833,,
,,,1300000,,,0.0003979065219482436,-0.04036109894514084,0.049702942,790,-0.019909926491527584,0.4359619140625,0.0003,0.2,3.710923244804144,0.17707125842571259,0.9673666954040527,1000.0,685.183172
6337,206,1000.0,1310720,655.92443312,80,,,,,,,,,,,,,
6345,209,1000.0,1327104,658.8106092099999,81,0.000304339029582934,-0.02751844748854637,0.04350961,800,-0.016515991674532417,0.410125732421875,0.0003,0.2,3.7979096811264754,0.1763029545545578,0.9665647745132446,,
6352,211,1000.0,1343488,662.12826775,82,0.00019712606878101723,-0.025393156334757805,0.046663657,810,-0.01825196948593657,0.43046875,0.0003,0.2,3.9037775482982395,0.17440031468868256,0.9795733690261841,,
6361,213,1000.0,1359872,663.01825964,83,0.00021557315155860124,-0.03780070319771767,0.05011955,820,-0.01758188980529667,0.430389404296875,0.0003,0.2,4.016749997064471,0.17272216081619263,0.9798722267150879,,
6369,216,1000.0,1376256,665.47853154,84,0.0003001015370273308,-0.017748229205608368,0.047309004,830,-0.019594149407566874,0.420654296875,0.0003,0.2,4.144745956361294,0.1706920713186264,0.9755237102508545,,
6377,218,1000.0,1392640,666.7929907000001,85,0.00039930009907038764,-0.030609622597694397,0.062366195,840,-0.019383576646214352,0.4531494140625,0.0003,0.2,4.255275470018387,0.16925199329853058,0.9762704968452454,,
,,,1400000,,,0.0005721755549984664,-0.029206447303295135,0.054415867,850,-0.018499892620457103,0.431732177734375,0.0003,0.2,4.374947836250067,0.16751684248447418,0.9592635631561279,1000.0,699.2898864
6340,222,1000.0,1409024,667.2127348099999,86,,,,,,,,,,,,,
6349,224,1000.0,1425408,667.63573777,87,0.00039619879436259,-0.03904601186513901,0.05488217,860,-0.019451024585214326,0.450616455078125,0.0003,0.2,4.484740678966046,0.16621217131614685,0.977188766002655,,
6356,226,1000.0,1441792,668.94019913,88,0.0002936872989607764,-0.024756819009780884,0.05397807,870,-0.016760763376078104,0.45279541015625,0.0003,0.2,4.552014201879501,0.16553574800491333,0.9777844548225403,,
6364,229,1000.0,1458176,671.2023346900002,89,0.00021557524415811714,-0.028542807325720787,0.059740543,880,-0.016944681098175353,0.4567626953125,0.0003,0.2,4.627149464190007,0.16434337198734283,0.9787808656692505,,
6371,231,1000.0,1474560,672.8151179199999,90,0.0003824347649242554,-0.028693683445453644,0.05863867,890,-0.016755797555015307,0.444793701171875,0.0003,0.2,4.735467489808798,0.16248564422130585,0.9687597155570984,,
6379,233,1000.0,1490944,672.4432708799999,91,0.0002934321582984012,-0.037756823003292084,0.058545038,900,-0.017221079748560443,0.465496826171875,0.0003,0.2,4.840142498165369,0.16132695972919464,0.9750543236732483,,
,,,1500000,,,0.0005355807361297593,-0.03020230308175087,0.056136414,910,-0.01733886450838327,0.450494384765625,0.0003,0.2,4.9434740789234635,0.15978245437145233,0.9660101532936096,1000.0,695.2013502
6345,237,1000.0,1507328,675.3108457299999,92,,,,,,,,,,,,,
6353,239,1000.0,1523712,676.85327503,93,0.00026996413096753714,-0.018854008987545967,0.050623827,920,-0.013176223754271632,0.444921875,0.0003,0.2,5.028643666952848,0.15925738215446472,0.9645204544067383,,
6360,242,1000.0,1540096,677.8643007700001,94,0.00041689019279829155,-0.031726330518722534,0.05639895,930,-0.014328055913210846,0.443096923828125,0.0003,0.2,5.083334932476282,0.15789899230003357,0.9638460278511047,,
6367,244,1000.0,1556480,677.55387561,95,0.0007043751341370807,-0.020704664289951324,0.053521615,940,-0.015435968267229327,0.44007568359375,0.0003,0.2,5.192430537194014,0.15660981833934784,0.9616057872772217,,
6374,246,1000.0,1572864,677.8398514600001,96,0.00047917198689901853,-0.023859312757849693,0.056708485,950,-0.016393225519277622,0.45404052734375,0.0003,0.2,5.279490495473146,0.15557058155536652,0.9620047211647034,,
6380,249,1000.0,1589248,678.43751823,97,0.0004534513930479989,-0.027257760986685753,0.059875995,960,-0.0157503478207218,0.47696533203125,0.0003,0.2,5.367368208616972,0.1543646603822708,0.9721131324768066,,
,,,1600000,,,0.00044301815138396704,-0.027560345828533173,0.066689,970,-0.01488366560824943,0.476788330078125,0.0003,0.2,5.444503702223301,0.15345913171768188,0.9738044738769531,1000.0,710.8331352000001
6348,252,1000.0,1605632,679.88716532,98,,,,,,,,,,,,,
6354,255,1000.0,1622016,680.1157057400001,99,0.00032800567190633957,-0.025743018835783005,0.04148481,980,-0.012061908510804641,0.40594482421875,0.0003,0.2,5.505289252102375,0.15302465856075287,0.9766408801078796,,
6361,257,1000.0,1638400,680.1054137199998,100,0.0005038358989509107,-0.0336717814207077,0.062483154,990,-0.015105487163236831,0.442535400390625,0.0003,0.2,5.538589152693748,0.15238146483898163,0.9688146114349365,,
6368,259,1000.0,1654784,681.5686650800001,101,0.0003418135129379607,-0.025480706244707108,0.065059006,1000,-0.015215745406385395,0.469488525390625,0.0003,0.2,5.619513623416424,0.15124599635601044,0.9742038249969482,,
6375,262,1000.0,1671168,682.4340689100001,102,0.00039374664212346035,-0.01876017451286316,0.060315035,1010,-0.014455378655111418,0.46295166015625,0.0003,0.2,5.704749243706464,0.15026843547821045,0.9785169363021851,,
6381,264,1000.0,1687552,684.26387462,103,0.0002884679717851668,-0.034402526915073395,0.060829226,1020,-0.012366892159479902,0.489129638671875,0.0003,0.2,5.78738372400403,0.14929741621017456,0.9694494009017944,,
,,,1700000,,,0.0004155407582970838,-0.032572854310274124,0.05962141,1030,-0.01438709857975482,0.4701171875,0.0003,0.2,5.848459920287132,0.14840364456176758,0.9643747806549072,1000.0,694.8929949999999
6351,268,1000.0,1703936,685.67439977,104,,,,,,,,,,,,,
6357,270,1000.0,1720320,688.8079397099999,105,0.0005122020019939555,-0.022366032004356384,0.0576077,1040,-0.014327170689648483,0.45028076171875,0.0003,0.2,5.912426725775004,0.1474747508764267,0.9569946527481079,,
6363,272,1000.0,1736704,690.9411515799999,106,0.0004820546762175582,-0.011945808306336403,0.04921844,1050,-0.012144139689553413,0.415802001953125,0.0003,0.2,5.970905912667513,0.14733032882213593,0.9651419520378113,,
6369,275,1000.0,1753088,692.9774418200001,107,0.00022724183311311207,-0.020521659404039383,0.05267205,1060,-0.013695799933339003,0.460162353515625,0.0003,0.2,5.985819089412689,0.14693008363246918,0.9697834253311157,,
6375,277,1000.0,1769472,694.06616101,108,0.00034605959262989927,-0.027860445901751518,0.068142116,1070,-0.016755270118665067,0.4644775390625,0.0003,0.2,6.056853915005922,0.14559681713581085,0.9747597575187683,,
6382,279,1000.0,1785856,696.5986446500001,109,0.00018109610080045967,-0.025356771424412727,0.058654822,1080,-0.011529555864399299,0.472955322265625,0.0003,0.2,6.17582901418209,0.1444307565689087,0.9770196676254272,,
,,,1800000,,,0.0002799464912527583,-0.014327611774206161,0.064242214,1090,-0.015511959161085543,0.4878173828125,0.0003,0.2,6.267445506155491,0.14325495064258575,0.9724083542823792,1000.0,705.1954914
6353,283,1000.0,1802240,697.86704992,110,,,,,,,,,,,,,
6359,285,1000.0,1818624,698.59495178,111,0.00026539885581655653,-0.033274754881858826,0.05640376,1100,-0.012273360761537334,0.4422607421875,0.0003,0.2,6.340474759042263,0.14283038675785065,0.9754437804222107,,
6364,288,1000.0,1835008,699.5893621499999,112,0.00035354621993519684,-0.035036057233810425,0.06566812,1110,-0.015132536425517174,0.479254150390625,0.0003,0.2,6.376670563220978,0.14210426807403564,0.9713115692138672,,
6370,290,1000.0,1851392,697.76326858,113,0.0003623351035912492,-0.022945024073123932,0.065741085,1120,-0.01247098335152259,0.4703857421875,0.0003,0.2,6.46125605776906,0.1409376710653305,0.9708837270736694,,
6375,292,1000.0,1867776,698.0501283400002,114,0.0006503778057776799,-0.03357311710715294,0.07990076,1130,-0.014053114015405299,0.490521240234375,0.0003,0.2,6.548825676739216,0.13988906145095825,0.9661543369293213,,
6382,295,1000.0,1884160,698.50095013,115,0.0004564226044863062,-0.014869224280118942,0.070584536,1140,-0.013578445644452587,0.501318359375,0.0003,0.2,6.6713967844843864,0.1384097784757614,0.969221293926239,,
,,,1900000,,,0.0002841017907371679,-0.030170954763889313,0.076301664,1150,-0.011519498826874041,0.500213623046875,0.0003,0.2,6.752699298411608,0.13806702196598053,0.9749541282653809,1000.0,713.8846276
6354,299,1000.0,1900544,698.8763695100001,116,,,,,,,,,,,,,
6360,301,1000.0,1916928,699.9833846900001,117,0.0002490453858172259,-0.02940601110458374,0.074804544,1160,-0.011438168420136207,0.508648681640625,0.0003,0.2,6.785725032538176,0.13750900328159332,0.9750866293907166,,
6365,303,1000.0,1933312,700.9910227899999,118,0.00031300473194733057,-0.035676512867212296,0.06813288,1170,-0.014191761268739356,0.474737548828125,0.0003,0.2,6.859589252620935,0.13642223179340363,0.9726868271827698,,
6370,306,1000.0,1949696,702.8104792000001,119,0.00039294612104185945,-0.019527126103639603,0.079636544,1180,-0.01509623857891711,0.496807861328125,0.0003,0.2,6.958919274061918,0.13520419597625732,0.9732147455215454,,
6376,308,1000.0,1966080,705.89736011,120,0.00024107039599243762,0.01049745548516512,0.065150805,1190,-0.00796268005433376,0.470062255859375,0.0003,0.2,7.029621988534927,0.13479425013065338,0.970349907875061,,
6381,310,1000.0,1982464,707.7873013100001,121,0.0002501407934630606,-0.025492770597338676,0.071201645,1200,-0.013601906722033163,0.50240478515625,0.0003,0.2,7.080120824277401,0.13410161435604095,0.9829890131950378,,
6386,312,1000.0,1998848,706.6595202299999,122,0.0005008753534525567,-0.030327919870615005,0.06959658,1210,-0.014299824984846055,0.486529541015625,0.0003,0.2,7.144034834206105,0.13327676057815552,0.9612501859664917,,
,,,2000000,,,0.0005237980633239659,-0.03226838633418083,0.08436726,1220,-0.01366219061492302,0.508233642578125,0.0003,0.2,7.211172137409449,0.13257525861263275,0.9709036946296692,1000.0,727.1832964
6360,316,1000.0,2015232,708.39309119,123,,,,,,,,,,,,,
6365,319,1000.0,2031616,708.12111894,124,0.00032328333097666475,-0.04726816713809967,0.07493294,1230,-0.013119635228576954,0.511627197265625,0.0003,0.2,7.284487265348434,0.13193367421627045,0.9718432426452637,,
6370,321,1000.0,2048000,708.951042,125,0.00033066511307424664,-0.01756475120782852,0.07399782,1240,-0.01280695265122631,0.49029541015625,0.0003,0.2,7.325739906728268,0.13124209642410278,0.9721804857254028,,
6375,323,1000.0,2064384,709.11086466,126,0.0002975379255929056,-0.02251431718468666,0.08519952,1250,-0.011265537633516943,0.5225341796875,0.0003,0.2,7.405157096683979,0.13062883913516998,0.9781129360198975,,
6379,326,1000.0,2080768,709.3981540100001,127,0.0006219219670470011,-0.027690047398209572,0.09038202,1260,-0.012770593705499777,0.512646484375,0.0003,0.2,7.425684490799904,0.1301524043083191,0.9666699767112732,,
6385,328,1000.0,2097152,713.0434642600002,128,0.00029245945138427486,-0.021232236176729202,0.0775808,1270,-0.011992893554634065,0.50870361328125,0.0003,0.2,7.481261497735977,0.12959791719913483,0.9792256951332092,,
,,,2100000,,,0.000337612604420201,-0.03240096569061279,0.084110886,1280,-0.012028827944232035,0.51741943359375,0.0003,0.2,7.5471101477742195,0.12906019389629364,0.9610247611999512,1000.0,736.2122394
6360,332,1000.0,2113536,713.8106215399999,129,,,,,,,,,,,,,
6366,334,1000.0,2129920,715.91589803,130,0.0004196162572497997,-0.032200735062360764,0.07604219,1290,-0.011922948930441634,0.49014892578125,0.0003,0.2,7.612835419178009,0.12798072397708893,0.9683683514595032,,
6370,336,1000.0,2146304,715.2329589000001,131,0.00047429271056671497,-0.03278030827641487,0.08666246,1300,-0.012221723728362121,0.516400146484375,0.0003,0.2,7.682508137077093,0.12728670239448547,0.9736718535423279,,
6374,339,1000.0,2162688,717.5106045999997,132,0.00021473689731124068,-0.017587242648005486,0.088250145,1310,-0.011636097397786215,0.515960693359375,0.0003,0.2,7.754181936383247,0.1269344985485077,0.9798578023910522,,
6379,341,1000.0,2179072,717.8134263400002,133,0.00037508763566620475,-0.022100046277046204,0.08182204,1320,-0.011750133101668326,0.520343017578125,0.0003,0.2,7.78150179758668,0.1264694184064865,0.9762247204780579,,
6384,343,1000.0,2195456,716.8393004400001,134,0.00039383003485227164,-0.02085339091718197,0.080399156,1330,-0.013205289089819416,0.502325439453125,0.0003,0.2,7.843609741330146,0.1258273422718048,0.9827791452407837,,
,,,2200000,,,0.00038841517869627753,-0.015619921498000622,0.09052982,1340,-0.009107615058019292,0.50494384765625,0.0003,0.2,7.920060367137194,0.12481821328401566,0.9742526412010193,1000.0,744.9633035999999
6361,347,1000.0,2211840,716.8112517100001,135,,,,,,,,,,,,,
6365,350,1000.0,2228224,718.6002467800004,136,0.0004274767751553554,-0.026355627924203873,0.091067225,1350,-0.010591702177589469,0.509454345703125,0.0003,0.2,7.9994184143841265,0.12427589297294617,0.9746066927909851,,
6370,352,1000.0,2244608,720.71579878,137,0.00027506712103217976,-0.017939025536179543,0.08269191,1360,-0.009299897038727068,0.527276611328125,0.0003,0.2,8.036471915245055,0.12393182516098022,0.9662986993789673,,
6375,354,1000.0,2260992,720.1315573000002,138,0.0003330643412482459,0.02978541888296604,0.090256676,1370,-0.011775103362742812,0.513934326171875,0.0003,0.2,8.091303844749927,0.12315908819437027,0.9751782417297363,,
6380,356,1000.0,2277376,723.0403775800002,139,0.00024657872914986,-0.00979498028755188,0.0801027,1380,-0.011765880602615653,0.531817626953125,0.0003,0.2,8.133293648064136,0.12287303060293198,0.9764671325683594,,
6385,359,1000.0,2293760,724.17101456,140,0.00020578787389808896,-0.0031908946111798286,0.07614216,1390,-0.003010751327383332,0.486968994140625,0.0003,0.2,8.175957502424717,0.12261749058961868,0.9762849807739258,,
,,,2300000,,,0.0003283772845236399,-0.0280009638518095,0.08630869,1400,-0.008863359089446021,0.502532958984375,0.0003,0.2,8.226184479892254,0.12181836366653442,0.980925440788269,1000.0,740.365854
6363,363,1000.0,2310144,725.6547089199998,141,,,,,,,,,,,,,
6368,365,1000.0,2326528,726.65397664,142,0.0002390712017017904,-0.026143653318285942,0.08271761,1410,-0.007492036041730899,0.54315185546875,0.0003,0.2,8.281783194839955,0.12160366773605347,0.9713191390037537,,
6372,367,1000.0,2342912,726.0747475699999,143,0.0002802450417448199,-0.01536467857658863,0.057470165,1420,-0.0046446394226222765,0.466033935546875,0.0003,0.2,8.288834084570407,0.12152449041604996,0.9719698429107666,,
6376,369,1000.0,2359296,727.6880163000002,144,0.000259121075123403,-0.02754383720457554,0.07380313,1430,-0.009349232353270055,0.497802734375,0.0003,0.2,8.335888090729714,0.12087944895029068,0.9782991409301758,,
6381,372,1000.0,2375680,727.4853047500001,145,0.00023324149063057574,-0.015483083203434944,0.085342236,1440,-0.0070020316321461,0.55172119140625,0.0003,0.2,8.383988817036151,0.12055184692144394,0.9708884954452515,,
6385,374,1000.0,2392064,729.2876775999998,146,0.0002456434775922389,-0.0408904142677784,0.091127545,1450,-0.01314393169923278,0.536590576171875,0.0003,0.2,8.42847521007061,0.11989941447973251,0.9791995882987976,,
,,,2400000,,,0.00021393686478177187,-0.0037558001931756735,0.085988,1460,-0.010697673998947721,0.525408935546875,0.0003,0.2,8.497935323417186,0.11913812160491943,0.9864004850387573,1000.0,735.2216366
6363,378,1000.0,2408448,727.2761696900001,147,,,,,,,,,,,,,
6368,380,1000.0,2424832,726.22859442,148,0.0005205097720704544,-0.03247039392590523,0.102473274,1470,-0.01448177715865313,0.511419677734375,0.0003,0.2,8.577502831816673,0.11820963770151138,0.9675318598747253,,
6371,383,1000.0,2441216,726.9936144699999,149,0.00035149570350085925,-0.02836775779724121,0.10268055,1480,-0.010107297498143453,0.542205810546875,0.0003,0.2,8.655553269386292,0.117423415184021,0.9767393469810486,,
6376,385,1000.0,2457600,725.7660721299998,150,0.0003836644332636752,-0.032699525356292725,0.097501874,1490,-0.011036789124045755,0.538671875,0.0003,0.2,8.713370735943318,0.11702678352594376,0.9726234674453735,,
6380,387,1000.0,2473984,727.23436152,151,0.00031761585221374845,-0.02310740388929844,0.08837585,1500,-0.0072721532218565695,0.534112548828125,0.0003,0.2,8.764919452369213,0.11660616844892502,0.9701986908912659,,
6384,390,1000.0,2490368,726.18123637,152,0.000260329711028362,-0.03376379981637001,0.09121989,1510,-0.009823308084742166,0.534503173828125,0.0003,0.2,8.819909331202506,0.1158529594540596,0.9834723472595215,,
,,,2500000,,,0.00021392697770465928,-0.025019926950335503,0.100482285,1520,-0.005757868252840126,0.54140625,0.0003,0.2,8.892474786937237,0.11536073684692383,0.9852777123451233,1000.0,736.6440753999999
6363,393,1000.0,2506752,727.9568623099999,153,,,,,,,,,,,,,
6368,396,1000.0,2523136,730.51756503,154,0.0003640987203993973,-0.034079376608133316,0.10000884,1530,-0.013120745254127542,0.527606201171875,0.0003,0.2,8.935821326076985,0.11473046988248825,0.9741085171699524,,
6372,398,1000.0,2539520,732.19812226,155,0.00019966150320556154,-0.027432089671492577,0.09764978,1540,-0.007394893261971447,0.564251708984375,0.0003,0.2,8.999816803634166,0.11440513283014297,0.9703419208526611,,
6376,400,1000.0,2555904,735.2000419100001,156,0.00021417765082674123,-0.02730962634086609,0.0983209,1550,-0.008948877621878636,0.5562744140625,0.0003,0.2,9.03721575587988,0.11403562873601913,0.9802259206771851,,
6379,403,1000.0,2572288,735.3703612699999,157,0.0001299037727420682,-0.03076843172311783,0.08786595,1560,-0.0076812019524368225,0.540435791015625,0.0003,0.2,9.097394314408302,0.1135215237736702,0.9770804643630981,,
6384,405,1000.0,2588672,737.41136152,158,0.00037781228933226886,-0.03528982400894165,0.08516136,1570,-0.011970462960380245,0.50623779296875,0.0003,0.2,9.169775715470314,0.1124105155467987,0.9601250290870667,,
,,,2600000,,,0.0002796638070549307,-0.02381059154868126,0.09563354,1580,-0.00880040596712206,0.553436279296875,0.0003,0.2,9.251052330434323,0.11178306490182877,0.9714645743370056,1000.0,734.8163523999999
6364,409,1000.0,2605056,738.38618627,159,,,,,,,,,,,,,
6368,411,1000.0,2621440,739.7098180699999,160,0.00024732234480211445,-0.027958231046795845,0.09766869,1590,-0.011180213277111762,0.529473876953125,0.0003,0.2,9.315223063528538,0.11115207523107529,0.977444589138031,,
6372,413,1000.0,2637824,739.8547665200001,161,0.0001835591217968613,-0.034210026264190674,0.10811955,1600,-0.00947522781425505,0.564788818359375,0.0003,0.2,9.39264121055603,0.11056322604417801,0.9837142825126648,,
6373,416,1000.0,2654208,739.67029693,162,0.00020980857615313653,-0.02216191776096821,0.096658364,1610,-0.00896730238564487,0.55216064453125,0.0003,0.2,9.482705534994603,0.10980435460805893,0.9811403751373291,,
6377,418,1000.0,2670592,738.9324345900001,163,0.0002459963750766292,-0.023055095225572586,0.091247946,1620,-0.009605716453552304,0.538726806640625,0.0003,0.2,9.55869003534317,0.1089707538485527,0.9795607924461365,,
6381,421,1000.0,2686976,740.0752907199999,164,0.00028397727482456505,-0.01832568272948265,0.102896705,1630,-0.006526720347937953,0.55052490234375,0.0003,0.2,9.617265073955059,0.10851103812456131,0.9810993671417236,,
,,,2700000,,,0.0002171412878510637,-0.024017978459596634,0.10245408,1640,-0.0038343725020240525,0.56978759765625,0.0003,0.2,9.648642052710056,0.10838565230369568,0.9857481718063354,1000.0,740.8856874
6362,424,1000.0,2703360,739.7393807799999,165,,,,,,,,,,,,,
6365,427,1000.0,2719744,740.37451448,166,0.0004994718236559948,-0.023213595151901245,0.11352518,1650,-0.010179126252660353,0.545977783203125,0.0003,0.2,9.692346224188805,0.10780486464500427,0.9622898697853088,,
6368,429,1000.0,2736128,740.7121951299999,167,0.0003226428317475438,-0.01349104568362236,0.104422644,1660,-0.00563162066937366,0.5837646484375,0.0003,0.2,9.757680529356003,0.10728121548891068,0.974808931350708,,
6372,431,1000.0,2752512,741.4548917699999,168,0.00031292192859950775,-0.03584067150950432,0.09834513,1670,-0.013281681603984907,0.533544921875,0.0003,0.2,9.807788556814193,0.10690739005804062,0.9853709936141968,,
6375,434,1000.0,2768896,741.04319839,169,0.0004552178997869305,-0.025285465642809868,0.11058588,1680,-0.006550354241517198,0.539404296875,0.0003,0.2,9.852520953118802,0.1062503233551979,0.9785658121109009,,
6379,436,1000.0,2785280,740.81953904,170,0.00042417082635211046,-0.007705578580498695,0.11158596,1690,-0.00820656814139511,0.579266357421875,0.0003,0.2,9.923788605630397,0.10591570287942886,0.9690192341804504,,
,,,2800000,,,0.00038946392950833797,-0.016820479184389114,0.09975624,1700,-0.008275182046781992,0.5627197265625,0.0003,0.2,9.972186215221882,0.1054680347442627,0.9783698320388794,1000.0,750.3092095999999
6360,440,1000.0,2801664,741.9959282900002,171,,,,,,,,,,,,,
6364,442,1000.0,2818048,742.3300714700001,172,0.00023046077006938503,-0.0209269430488348,0.09913275,1710,-0.006655956642862293,0.570513916015625,0.0003,0.2,10.021229474246502,0.10518660396337509,0.9810588359832764,,
6367,445,1000.0,2834432,743.1896563600001,173,0.00035912051379227705,-0.024098603054881096,0.10539211,1720,-0.006474517500100774,0.559881591796875,0.0003,0.2,10.044372382760049,0.10467065125703812,0.978364109992981,,
6371,447,1000.0,2850816,743.2929777099998,174,0.00019714488518047802,-0.0059622181579470634,0.10897045,1730,-0.004059789641178213,0.559661865234375,0.0003,0.2,10.093146236240864,0.10454069823026657,0.9796076416969299,,
6375,449,1000.0,2867200,743.9870851699999,175,0.0003804082641011064,-0.01894916035234928,0.10566387,1740,-0.0074276113889936825,0.566558837890625,0.0003,0.2,10.124917848408222,0.10409176349639893,0.9745631814002991,,
6378,452,1000.0,2883584,745.61886045,176,0.00037090791796003943,0.0032811698038131,0.11176789,1750,-0.006247282768345031,0.570904541015625,0.0003,0.2,10.162550973892213,0.103752501308918,0.9776571989059448,,
6382,454,1000.0,2899968,747.20472243,177,0.0002927621853814344,-0.032377373427152634,0.107870124,1760,-0.005555599173021619,0.5761474609375,0.0003,0.2,10.227722182869911,0.1033622995018959,0.9683067798614502,,
,,,2900000,,,0.0003201515476007444,-0.023569870740175247,0.13284323,1770,-0.006525097551093495,0.59931640625,0.0003,0.2,10.231581076979637,0.10320886224508286,0.9618166089057922,1000.0,749.0154604000002
6364,458,1000.0,2916352,749.1333753100001,178,,,,,,,,,,,,,
6368,460,1000.0,2932736,751.0356341999999,179,0.00025305968753173145,-0.029073121026158333,0.11116896,1780,-0.003786948456763639,0.580804443359375,0.0003,0.2,10.283055709302426,0.10271551460027695,0.975256085395813,,
6371,462,1000.0,2949120,750.6247170499998,180,0.0001746858846615851,0.0054794540628790855,0.117831245,1790,-0.0014122968437732196,0.586614990234375,0.0003,0.2,10.337217178940772,0.1023826003074646,0.980562150478363,,
6375,465,1000.0,2965504,751.8754773000001,181,0.00030108038144476267,-0.01963280886411667,0.12841982,1800,-0.006826667322820867,0.58736572265625,0.0003,0.2,10.364910478889943,0.1019967794418335,0.9736302495002747,,
6378,467,1000.0,2981888,752.75175798,182,0.0002785891738824375,-0.026548968628048897,0.111652404,1810,-0.004170384159806417,0.5576171875,0.0003,0.2,10.413032239675521,0.10181539505720139,0.9757905006408691,,
6381,469,1000.0,2998272,752.3600979900002,183,0.00020895429921097275,-0.02498767152428627,0.11827832,1820,-0.0048133569132915,0.576861572265625,0.0003,0.2,10.415242685377597,0.10161435604095459,0.9802156090736389,,
,,,3000000,,,0.00032968626551337364,-0.018503373488783836,0.12552825,1830,-0.006929169673458091,0.576776123046875,0.0003,0.2,10.43690166324377,0.10132965445518494,0.9760022163391113,1000.0,751.6805256
6364,473,1000.0,3014656,752.08495008,184,,,,,,,,,,,,,
