rollout/ep_rew_mean,time/iterations,time/fps,time/time_elapsed,rollout/ep_len_mean,time/total_timesteps,train/value_loss,train/policy_gradient_loss,train/entropy_loss,train/clip_fraction,train/n_updates,train/loss,train/explained_variance,train/clip_range,train/approx_kl,train/std,train/learning_rate
172.73115875,1,10504,1,1000.0,16384,,,,,,,,,,,
182.2787403125,2,8034,4,1000.0,32768,0.15767286732443608,-0.01668114436142787,-5.000864654779434,0.18656005859375,10,0.013949140906333923,-2.3190646171569824,0.2,0.016048254,0.3669044077396393,0.0003
190.49141518750002,3,7540,6,1000.0,49152,0.03001949287718162,-0.020974170833142125,-4.960912802815438,0.20142822265625,20,-0.0081257876008749,-0.11834859848022461,0.2,0.016206492,0.3656627833843231,0.0003
194.18830789062503,4,7328,8,1000.0,65536,0.022446157988451888,-0.023080236211899318,-4.926934861391783,0.206195068359375,30,-0.026427295058965683,0.550202488899231,0.2,0.016779162,0.36459675431251526,0.0003
194.6164184375,5,7207,11,1000.0,81920,0.01827138837397797,-0.022642431238637073,-4.871424371749162,0.2171875,40,-0.023936161771416664,0.6366234421730042,0.2,0.016938802,0.3627602159976959,0.0003
195.50962077083332,6,7135,13,1000.0,98304,0.024110731955443044,-0.021770618776281482,-4.812397980690003,0.20194091796875,50,-0.016892602667212486,0.6103624105453491,0.2,0.0170637,0.3610963821411133,0.0003
202.38476591999998,7,7068,16,1000.0,114688,0.027551055952790192,-0.023011530112489707,-4.753882116824388,0.21929931640625,60,-0.011045973747968674,0.6145373582839966,0.2,0.017386306,0.35933589935302734,0.0003
206.31281575000006,8,7032,18,1000.0,131072,0.012382247821369674,-0.02652727892200346,-4.70134202465415,0.237579345703125,70,-0.023763351142406464,0.7285058498382568,0.2,0.018743964,0.35760679841041565,0.0003
210.66286366000008,9,6997,21,1000.0,147456,0.025863498335820623,-0.024178489362748225,-4.658616619557142,0.22630615234375,80,-0.01609058491885662,0.6043094396591187,0.2,0.01883388,0.35654017329216003,0.0003
217.99268263,10,6936,23,1000.0,163840,0.014508487645071,-0.02433211134048179,-4.611319301277399,0.23255615234375,90,-0.03650730848312378,0.6550211906433105,0.2,0.018170988,0.35483410954475403,0.0003
225.42620293000007,11,6908,26,1000.0,180224,0.008979785777046344,-0.026672810851596295,-4.538484967499971,0.24632568359375,100,-0.034639403223991394,0.7862058877944946,0.2,0.019025456,0.3527008295059204,0.0003
232.72989437,12,6895,28,1000.0,196608,0.01231700309435837,-0.02805669418448815,-4.480322480946779,0.26256103515625,110,-0.04428432881832123,0.7927897572517395,0.2,0.021485955,0.3511768877506256,0.0003
241.66423101999996,13,6879,30,1000.0,212992,0.017519532561709638,-0.025588590167171788,-4.424680379778147,0.25245361328125,120,-0.025357620790600777,0.7177041172981262,0.2,0.021103999,0.3497742712497711,0.0003
249.35274597999995,14,6858,33,1000.0,229376,0.00603166978507943,-0.028801519297849153,-4.3627539806067945,0.25538330078125,130,-0.04029643535614014,0.8340091705322266,0.2,0.020715665,0.3473294675350189,0.0003
254.81927649000002,15,6847,35,1000.0,245760,0.022319724848784972,-0.024449522171562422,-4.323244499415159,0.260107421875,140,-0.01996203325688839,0.5762478709220886,0.2,0.021081751,0.3467726409435272,0.0003
251.72148668000003,16,6844,38,1000.0,262144,0.013551051118702162,-0.02608870513140573,-4.273129745572805,0.250701904296875,150,-0.0325469896197319,0.7537882328033447,0.2,0.020758769,0.34505701065063477,0.0003
255.99944921999997,17,6796,40,1000.0,278528,0.0372680335334735,-0.02431564547296148,-4.269953387230634,0.234613037109375,160,-0.02051040157675743,0.6300911903381348,0.2,0.019303285,0.3455173671245575,0.0003
263.01457247,18,6795,43,1000.0,294912,0.007584234992827987,-0.028346463584603042,-4.220145492255687,0.25648193359375,170,-0.04357944801449776,0.808995246887207,0.2,0.021025196,0.34363269805908203,0.0003
268.25919761999995,19,6791,45,1000.0,311296,0.0045319079981709365,-0.02964248549178592,-4.15333302617073,0.27271728515625,180,-0.032367460429668427,0.8806924223899841,0.2,0.023336746,0.34181734919548035,0.0003
273.01844161,20,6792,48,1000.0,327680,0.00878311202613986,-0.02891249765671091,-4.103437799960375,0.2649169921875,190,-0.03595343232154846,0.8446534276008606,0.2,0.022012208,0.3401351869106293,0.0003
282.42186303000005,21,6789,50,1000.0,344064,0.00809476971408003,-0.027911353462695843,-4.042458351701498,0.27623291015625,200,-0.034249816089868546,0.8673617243766785,0.2,0.02292537,0.33843258023262024,0.0003
296.68399094999995,22,6790,53,1000.0,360448,0.00737278328742832,-0.03073268625958008,-3.97976799197495,0.27060546875,210,-0.03747261315584183,0.907813310623169,0.2,0.022972621,0.33678165078163147,0.0003
301.86755544999994,23,6786,55,1000.0,376832,0.004969201618587249,-0.031150284286741225,-3.9028604168444874,0.277783203125,220,-0.04607686027884483,0.91745525598526,0.2,0.023833537,0.33442261815071106,0.0003
299.06990870999994,24,6786,57,1000.0,393216,0.005452259871890419,-0.029410052054663537,-3.824064703285694,0.279400634765625,230,-0.04179295152425766,0.8918799161911011,0.2,0.022664294,0.3323234021663666,0.0003
298.7563210299999,25,6786,60,1000.0,409600,0.02288372694165446,-0.024954442416492383,-3.785523841902614,0.264385986328125,240,-0.025089381262660027,0.6323699951171875,0.2,0.022164453,0.33169618248939514,0.0003
296.07383567000005,26,6786,62,1000.0,425984,0.019128321688913274,-0.02533392645564163,-3.761108674108982,0.2575927734375,250,-0.036031581461429596,0.688925564289093,0.2,0.021805512,0.3310236632823944,0.0003
291.54482458,27,6788,65,1000.0,442368,0.02566490829049144,-0.02564571534967399,-3.764686067029834,0.269232177734375,260,-0.026613768190145493,0.6224046945571899,0.2,0.022779074,0.33133766055107117,0.0003
287.733049,28,6788,67,1000.0,458752,0.020946590474341064,-0.02476726559980307,-3.743806464597583,0.25677490234375,270,-0.04349541664123535,0.5566725134849548,0.2,0.022383261,0.33055853843688965,0.0003
286.71902811,29,6790,69,1000.0,475136,0.014095723928767257,-0.02486231078801211,-3.7099178228527308,0.262890625,280,-0.035734109580516815,0.6545794010162354,0.2,0.02171878,0.32952144742012024,0.0003
287.43651565000005,30,6789,72,1000.0,491520,0.012870396512153093,-0.027494719477545004,-3.6575238473713396,0.268670654296875,290,-0.03677453100681305,0.7881067395210266,0.2,0.02238756,0.3281136453151703,0.0003
289.57427242,31,6790,74,1000.0,507904,0.01749322715186281,-0.025755624564772005,-3.60694519020617,0.280975341796875,300,-0.04215773567557335,0.5609798431396484,0.2,0.02329033,0.3266895115375519,0.0003
297.64913955000003,32,6790,77,1000.0,524288,0.03150283434661105,-0.023896902421984122,-3.5644902110099794,0.284173583984375,310,0.00822046771645546,0.4025270938873291,0.2,0.023721075,0.32553842663764954,0.0003
306.4163665500001,33,6789,79,1000.0,540672,0.013931048920494505,-0.028341113945134565,-3.5352803222835063,0.2859619140625,320,-0.020978720858693123,0.6905512809753418,0.2,0.023970414,0.324726939201355,0.0003
317.9144939,34,6789,82,1000.0,557056,0.014914677874185146,-0.027201143206912092,-3.511537892743945,0.29559326171875,330,-0.021945573389530182,0.6432116627693176,0.2,0.025914878,0.3242649734020233,0.0003
326.54989233,35,6786,84,1000.0,573440,0.004752431515225908,-0.0300470470203436,-3.466123739257455,0.289501953125,340,-0.046056296676397324,0.8965594172477722,0.2,0.024266236,0.3226581811904907,0.0003
335.98634446000005,36,6785,86,1000.0,589824,0.005349258527348866,-0.029193994255911092,-3.406078499183059,0.30458984375,350,-0.03981279581785202,0.8511803150177002,0.2,0.025171336,0.3210979998111725,0.0003
350.16331228,37,6786,89,1000.0,606208,0.0030517773586325346,-0.030359075585511163,-3.3271673429757356,0.302783203125,360,-0.038951992988586426,0.866540253162384,0.2,0.026305182,0.3189496099948883,0.0003
354.62595610999995,38,6785,91,1000.0,622592,0.004108604235079838,-0.028986726724906476,-3.2461159281432628,0.309002685546875,370,-0.02103579416871071,0.9068990349769592,0.2,0.026206516,0.31670209765434265,0.0003
367.65346406000003,39,6778,94,1000.0,638976,0.0030469208197246187,-0.029688040842120244,-3.1682347904890777,0.316571044921875,380,-0.0507984459400177,0.8813253045082092,0.2,0.028253578,0.3148631453514099,0.0003
374.50344493999995,40,6778,96,1000.0,655360,0.0023015650693196223,-0.03053081727339304,-3.088520535081625,0.312176513671875,390,-0.040904171764850616,0.9132094979286194,0.2,0.027296381,0.3127231001853943,0.0003
382.02772999,41,6781,99,1000.0,671744,0.0048480005279998295,-0.03047009400543175,-3.0159490860998632,0.315838623046875,400,-0.03744778782129288,0.8936570286750793,0.2,0.027587835,0.31091466546058655,0.0003
393.58055666,42,6781,101,1000.0,688128,0.002251490199159889,-0.030229471209895564,-2.9568944845348595,0.323480224609375,410,-0.04117423668503761,0.9343001246452332,0.2,0.029130496,0.3092910051345825,0.0003
400.17984154,43,6782,103,1000.0,704512,0.002154851210434572,-0.03143485830150894,-2.862834034115076,0.321514892578125,420,-0.053265154361724854,0.9339540004730225,0.2,0.027669592,0.3071010410785675,0.0003
403.81130656999994,44,6782,106,1000.0,720896,0.0030122864329314323,-0.029126039693801432,-2.7854601882398127,0.312322998046875,430,-0.04334945231676102,0.9378781318664551,0.2,0.026588108,0.30502891540527344,0.0003
407.99561131999997,45,6784,108,1000.0,737280,0.0038534098264790375,-0.028405291824310553,-2.7175835452973844,0.308868408203125,440,-0.04252761974930763,0.9300709962844849,0.2,0.02880324,0.30327296257019043,0.0003
415.22495545,46,6784,111,1000.0,753664,0.0036152308606688167,-0.02672894222632749,-2.651467797160149,0.31826171875,450,-0.04185906797647476,0.923295259475708,0.2,0.029456757,0.30155473947525024,0.0003
420.10044988000004,47,6785,113,1000.0,770048,0.001498236605675629,-0.02900789961204282,-2.574177259579301,0.332464599609375,460,-0.04079432785511017,0.9179388284683228,0.2,0.029665709,0.2996959984302521,0.0003
426.60201756999993,48,6785,115,1000.0,786432,0.0033342556314892137,-0.028847427029540997,-2.519910339638591,0.33172607421875,470,-0.046444982290267944,0.8999698758125305,0.2,0.030762289,0.2983529567718506,0.0003
430.10020842,49,6792,118,1000.0,802816,0.0024798353457550423,-0.028576929454996798,-2.4701559819024186,0.3343345905172414,480,-0.033416248857975006,0.9360798001289368,0.2,0.037395228,0.2967362105846405,0.0003
433.8969441000001,50,6794,120,1000.0,819200,0.005715073263490922,-0.02558541959733702,-2.4437803588807583,0.33231201171875,490,-0.025739232078194618,0.7948541641235352,0.2,0.03042527,0.29686975479125977,0.0003
440.83680926999995,51,6795,122,1000.0,835584,0.004339495901149348,-0.026401171189718298,-2.423246281594038,0.313677978515625,500,-0.04894881322979927,0.8988481760025024,0.2,0.02848465,0.29602566361427307,0.0003
441.0525421,52,6796,125,1000.0,851968,0.0038898739618161925,-0.027469639345508768,-2.379741817712784,0.315179443359375,510,-0.04680872708559036,0.9264736771583557,0.2,0.028958283,0.29499176144599915,0.0003
444.7119852299999,53,6797,127,1000.0,868352,0.004855618479996338,-0.0265334491552494,-2.34026146158576,0.318023681640625,520,-0.04310685768723488,0.8947160840034485,0.2,0.028929103,0.29415401816368103,0.0003
448.63579024,54,6799,130,1000.0,884736,0.0036773357904166916,-0.02699887046474032,-2.2729831248521806,0.32657470703125,530,-0.039914797991514206,0.9103097319602966,0.2,0.029731488,0.2921257019042969,0.0003
454.73939018,55,6799,132,1000.0,901120,0.002050360087559966,-0.029126598175571415,-2.1822708822786807,0.336871337890625,540,-0.03067188337445259,0.890445351600647,0.2,0.02890515,0.2901148498058319,0.0003
459.00474273,56,6801,134,1000.0,917504,0.0023703721184574534,-0.027856451912521153,-2.1229728389531375,0.325537109375,550,-0.03409281745553017,0.9239827990531921,0.2,0.02998718,0.28876161575317383,0.0003
466.6551506200001,57,6801,137,1000.0,933888,0.00472136644020793,-0.024603720637242078,-2.0832619462162256,0.345977783203125,560,-0.04131971299648285,0.8580275177955627,0.2,0.03153429,0.2879082262516022,0.0003
468.70866341,58,6802,139,1000.0,950272,0.003595212896107114,-0.025662208032008492,-2.058979270234704,0.320037841796875,570,-0.026410605758428574,0.9247176647186279,0.2,0.027060201,0.2873304784297943,0.0003
469.63617617999995,59,6802,142,1000.0,966656,0.00796260556599009,-0.025155895547868568,-2.02920941747725,0.342584228515625,580,-0.018695680424571037,0.8340116739273071,0.2,0.031322856,0.28654423356056213,0.0003
476.57215099,60,6807,144,1000.0,983040,0.016877900759674186,-0.023107576034145882,-1.9901431044887146,0.3718150137111517,589,-0.025921611115336418,0.7546428442001343,0.2,0.035266828,0.2856469452381134,0.0003
479.24492948000005,61,6806,146,1000.0,999424,0.0012832312584578176,-0.027543790776690003,-1.938942694477737,0.3342041015625,599,-0.05080150067806244,0.872181236743927,0.2,0.029886693,0.2844400405883789,0.0003
485.30306896,62,6808,149,1000.0,1015808,0.0022991956186160676,-0.026698263054640847,-1.8610871002078055,0.343463134765625,609,-0.02098708413541317,0.9382508993148804,0.2,0.03184946,0.282365083694458,0.0003
490.11891168,63,6813,151,1000.0,1032192,0.0030597099671326915,-0.02385425253496429,-1.8023466369059133,0.3350196379781421,618,-0.033338841050863266,0.9209966063499451,0.2,0.033417683,0.28103089332580566,0.0003
492.70001064,64,6812,153,1000.0,1048576,0.00298975419063936,-0.025552227146545193,-1.7419995583593846,0.342474365234375,628,-0.03260163962841034,0.9118077158927917,0.2,0.03160827,0.2797030508518219,0.0003
498.43191682,65,6812,156,1000.0,1064960,0.006773167650680989,-0.023363257746859746,-1.7166578222066164,0.35130615234375,638,-0.012207269668579102,0.8566648364067078,0.2,0.031871468,0.2793095111846924,0.0003
501.07517942000004,66,6812,158,1000.0,1081344,0.004136342166384565,-0.024914673656894593,-1.6534833045676351,0.325531005859375,648,-0.041002605110406876,0.8838059306144714,0.2,0.02857851,0.27778708934783936,0.0003
507.5230554300001,67,6812,161,1000.0,1097728,0.0019876547629792186,-0.026964434109686408,-1.6041217759251594,0.369134521484375,658,-0.05501219257712364,0.915508508682251,0.2,0.03482243,0.27664926648139954,0.0003
508.1111011100001,68,6813,163,1000.0,1114112,0.0012160644339928694,-0.02710052556176379,-1.534249385818839,0.33909912109375,668,-0.03301771357655525,0.9602115750312805,0.2,0.029919323,0.2748585641384125,0.0003
514.34231701,69,6814,165,1000.0,1130496,0.003062671856969246,-0.02433031664622831,-1.4921955378726124,0.3418212890625,678,-0.041600994765758514,0.9328888654708862,0.2,0.030677479,0.27440208196640015,0.0003
520.9007644999999,70,6815,168,1000.0,1146880,0.0013602817944047274,-0.028593229254329344,-1.4365767549723387,0.35885009765625,688,-0.03949557989835739,0.9561471343040466,0.2,0.033213153,0.27265825867652893,0.0003
525.26172524,71,6819,170,1000.0,1163264,0.004786885631296577,-0.024116661566949915,-1.3871874612652593,0.3582628038194444,697,-0.03788875415921211,0.8883921504020691,0.2,0.03258513,0.2716186046600342,0.0003
530.60757626,72,6850,172,1000.0,1179648,0.003965863130767556,0.0007770613657639308,-1.3545222128138823,0.2878676470588235,699,-0.011393310502171516,0.8945812582969666,0.2,0.027500147,0.2709210515022278,0.0003
533.04433322,73,6853,174,1000.0,1196032,0.0016102550355954317,-0.02520071350243258,-1.280928940288091,0.35152277542372884,709,-0.05437562242150307,0.9509314894676208,0.2,0.034627225,0.2692216634750366,0.0003
536.56283921,74,6852,176,1000.0,1212416,0.001703625723166624,-0.02412087381671881,-1.2205349560827017,0.339227294921875,719,-0.03463175147771835,0.9168282151222229,0.2,0.030198354,0.2682006359100342,0.0003
539.5356786899999,75,6853,179,1000.0,1228800,0.001524890832570236,-0.025162044833268737,-1.1570756999775766,0.350006103515625,729,-0.04168971627950668,0.9434037208557129,0.2,0.031385027,0.26648375391960144,0.0003
540.98208476,76,6852,181,1000.0,1245184,0.002308173811979941,-0.025330385618872242,-1.086143159866333,0.344580078125,739,-0.03530358895659447,0.9538979530334473,0.2,0.030566623,0.26498690247535706,0.0003
545.6319951,77,6857,183,1000.0,1261568,0.003412968791547298,-0.021682948012520294,-1.0466795223099845,0.36324637276785715,748,-0.030687682330608368,0.9130551218986511,0.2,0.032966565,0.26401934027671814,0.0003
548.47337954,78,6861,186,1000.0,1277952,0.001971602826956091,-0.024761245431314947,-0.9864620964445803,0.3270029174147217,757,-0.032775700092315674,0.96193927526474,0.2,0.031901665,0.2626159191131592,0.0003
554.7939415,79,6877,188,1000.0,1294336,0.0015376044923148767,-0.01556988967118391,-0.9286082170739158,0.34471115930599366,762,-0.019375840201973915,0.9507622718811035,0.2,0.029915482,0.26146236062049866,0.0003
555.17239718,80,6878,190,1000.0,1310720,0.0013139197897166013,-0.025775924371927977,-0.8520475508689881,0.35169375,772,-0.03959917277097702,0.9578830003738403,0.2,0.035646368,0.2596385180950165,0.0003
559.7136001499999,81,6874,193,1000.0,1327104,0.003628927396130166,-0.021364033415011363,-0.7945488971658051,0.335235595703125,782,-0.030837610363960266,0.9029879570007324,0.2,0.030329961,0.25880858302116394,0.0003
568.58254834,82,6873,195,1000.0,1343488,0.0015073338980982954,-0.02329119061869278,-0.7171898127533496,0.358721923828125,792,-0.028404926881194115,0.942223072052002,0.2,0.031833448,0.2570166289806366,0.0003
570.97282347,83,6889,197,1000.0,1359872,0.0010982508306668678,-0.014161987847303745,-0.666749098927917,0.315554714532872,797,-0.034638069570064545,0.9670724272727966,0.2,0.029021686,0.2553458511829376,0.0003
577.77735069,84,6900,199,1000.0,1376256,0.0017784812494017017,-0.019740191178521136,-0.5812177754217579,0.3312945874689826,804,-0.04883327707648277,0.9507319331169128,0.2,0.03277849,0.2538175582885742,0.0003
582.32807841,85,6913,201,1000.0,1392640,0.001897390745371067,-0.016196486310793567,-0.5168982833445429,0.3422296032934132,810,-0.0386432483792305,0.9615684747695923,0.2,0.038047772,0.2524653971195221,0.0003
588.64790269,86,6920,203,1000.0,1409024,0.001063451764821366,-0.019744609156207713,-0.43165038991719484,0.3481358119419643,817,-0.035947285592556,0.9574608206748962,0.2,0.032530453,0.25030362606048584,0.0003
589.3265156100001,87,6925,205,1000.0,1425408,0.0017072868582461691,-0.021508416013621134,-0.34261786390445426,0.3414499126746507,825,-0.03227800503373146,0.9653845429420471,0.2,0.03259859,0.24879753589630127,0.0003
592.61701318,88,6931,208,1000.0,1441792,0.003221696914257769,-0.015508988763447768,-0.3133577070309727,0.3717992841409692,833,-0.03488275036215782,0.9204899072647095,0.2,0.038854733,0.2487287074327469,0.0003
598.8328627400001,89,6943,210,1000.0,1458176,0.001044457494154112,-0.014319385561139333,-0.27559686717630805,0.3293148347701149,839,-0.013248303905129433,0.9660105109214783,0.2,0.030791868,0.24766190350055695,0.0003
604.44018866,90,6957,211,1000.0,1474560,0.0012878282266893886,-0.01337941581791989,-0.23391824484276932,0.33710671768707484,844,-0.023544317111372948,0.9526519775390625,0.2,0.02859139,0.24672214686870575,0.0003
603.59399754,91,6967,213,1000.0,1490944,0.0009818828245972409,-0.013780397322696092,-0.1651462623432501,0.3454524253731343,850,-0.027775267139077187,0.9649672508239746,0.2,0.032033242,0.24486427009105682,0.0003
608.63290016,92,6966,216,1000.0,1507328,0.00279002679126279,-0.022849593350474606,-0.11376561876386404,0.36072998046875,860,-0.030226297676563263,0.9310628175735474,0.2,0.030990433,0.2444082498550415,0.0003
614.99182724,93,6973,218,1000.0,1523712,0.0006583494416575197,-0.01790000151067468,-0.0428562620190147,0.34590261282660334,867,-0.034438617527484894,0.9643135070800781,0.2,0.032319225,0.24241863191127777,0.0003
617.13376506,94,6983,220,1000.0,1540096,0.001447895184651141,-0.015439916914209838,0.037723023873155986,0.36773697250639387,874,-0.02610236406326294,0.9567039608955383,0.2,0.03636408,0.24081240594387054,0.0003
618.32957406,95,6991,222,1000.0,1556480,0.002473723840035479,-0.014842472436591255,0.0910612902481942,0.35692480719794345,881,-0.036898355931043625,0.947616696357727,0.2,0.040920913,0.24018587172031403,0.0003
617.39358502,96,7008,224,1000.0,1572864,0.0013530732492636431,-0.0074021361259000345,0.13097631432152734,0.34342287561576357,885,-0.02038845792412758,0.9531272053718567,0.2,0.03543871,0.23918916285037994,0.0003
620.30585373,97,7016,226,1000.0,1589248,0.0030063508727269338,-0.01500310089527737,0.16221913266304527,0.35015665167095117,892,-0.04269951954483986,0.9449338912963867,0.2,0.03287723,0.23896612226963043,0.0003
625.7901264,98,7020,228,1000.0,1605632,0.0010684886151198845,-0.018686345845417847,0.21702533803817606,0.35643710609243695,900,-0.03299160301685333,0.9592040181159973,0.2,0.03423915,0.23754440248012543,0.0003
627.4171167800001,99,7037,230,1000.0,1622016,0.0007108237867832255,-0.007198782086389947,0.2843876672240923,0.3328788325471698,904,-0.03249954432249069,0.9754754304885864,0.2,0.029797623,0.2360306829214096,0.0003
626.84242524,100,7051,232,1000.0,1638400,0.0037005627456662047,-0.006875920365666198,0.33618208206376654,0.3650211517467249,908,-0.03548606485128403,0.9373985528945923,0.2,0.033484362,0.23526687920093536,0.0003
629.97006631,101,7065,234,1000.0,1654784,0.001573725090315921,-0.00814581383464019,0.3624620687870579,0.34054448950381677,913,-0.01928011141717434,0.9579002261161804,0.2,0.037813798,0.23502790927886963,0.0003
632.39761668,102,7075,236,1000.0,1671168,0.0009707297664832792,-0.013168290606699884,0.4081262325098415,0.34280267589820357,919,-0.03042430616915226,0.9677875638008118,0.2,0.03520345,0.23375004529953003,0.0003
637.16026443,103,7087,238,1000.0,1687552,0.0006089598882161746,-0.012222979623558266,0.4924431846610137,0.3678431919642857,924,-0.02390366420149803,0.974461019039154,0.2,0.035183657,0.2317986935377121,0.0003
638.43906886,104,7102,239,1000.0,1703936,0.0016426283817954663,-0.0064797520853880075,0.5514997511801093,0.34059343434343436,928,-0.03232202306389809,0.9528146386146545,0.2,0.037845157,0.2312508225440979,0.0003
643.0711416400002,105,7116,241,1000.0,1720320,0.0014307322775753814,-0.00855806402043007,0.598992436592068,0.32486397879464285,932,-0.03743109852075577,0.9634443521499634,0.2,0.032393306,0.230066180229187,0.0003
650.06646687,106,7129,243,1000.0,1736704,0.0010247926086223884,-0.011955383209073368,0.6587371830846749,0.34151348039215684,936,-0.01889089308679104,0.9747889041900635,0.2,0.03046892,0.22880423069000244,0.0003
653.04386286,107,7138,245,1000.0,1753088,0.0007750387511054135,-0.014755089931270999,0.7349197845528092,0.35302309782608693,942,-0.0442335344851017,0.9593082666397095,0.2,0.03347354,0.22764788568019867,0.0003
653.1698883299999,108,7152,247,1000.0,1769472,0.001463395055505124,-0.005268445293461183,0.7545321790417235,0.34785254396984927,946,-0.02427108772099018,0.9579326510429382,0.2,0.040235512,0.22748327255249023,0.0003
657.6761467900001,109,7165,249,1000.0,1785856,0.0025001579771439233,-0.0031730414864917598,0.7788125864664713,0.38149305555555557,950,-0.023089684545993805,0.914696991443634,0.2,0.03514245,0.2268965244293213,0.0003
662.2266533100001,110,7183,250,1000.0,1802240,0.0015037484754121594,-0.00019055394203228466,0.795740689766609,0.2987950211864407,952,0.001695237122476101,0.9628946781158447,0.2,0.026105179,0.22672712802886963,0.0003
662.8528141900001,111,7196,252,1000.0,1818624,0.0010343946902855864,-0.004573323900227488,0.816257952099637,0.34915398316062174,956,-0.017623810097575188,0.9710718393325806,0.2,0.04722447,0.22629189491271973,0.0003
665.5631393,112,7214,254,1000.0,1835008,0.0015286806253798767,0.0005015102998081562,0.8310751603767935,0.32480641592920356,958,-0.016044097021222115,0.9595323204994202,0.2,0.028376777,0.22612595558166504,0.0003
666.6444936399998,113,7229,256,1000.0,1851392,0.0009947050337114035,-0.0024381513390233,0.8477822940773759,0.33660851226993865,961,-0.019139541313052177,0.9721514582633972,0.2,0.028727626,0.22559289634227753,0.0003
663.5823610399999,114,7240,257,1000.0,1867776,0.0017309664047242682,-0.00984696391682474,0.888662672091904,0.36360275205761317,965,-0.02144273929297924,0.964172899723053,0.2,0.033449322,0.22478443384170532,0.0003
663.78937512,115,7243,260,1000.0,1884160,0.0022067612988298365,-0.014601814310911945,0.9445983269496968,0.3483758223684211,973,-0.04197164997458458,0.9505849480628967,0.2,0.036372967,0.2238215059041977,0.0003
659.99359815,116,7249,262,1000.0,1900544,0.002565301014136979,-0.006912136725693983,0.97325455225431,0.35543536324786323,979,-0.011395547538995743,0.9232470989227295,0.2,0.034499206,0.223507359623909,0.0003
657.7507949100001,117,7264,263,1000.0,1916928,0.0026753073575894668,0.0024576872186381606,0.9844213365753994,0.3446894778481013,982,0.022253932431340218,0.9262090921401978,0.2,0.032163955,0.223176047205925,0.0003
656.1047435099999,118,7275,265,1000.0,1933312,0.002259640103748598,-0.006581243186326134,0.9967855994307667,0.3263868979357798,986,-0.013696824200451374,0.9347012042999268,0.2,0.029975684,0.2230195254087448,0.0003
652.8925414199999,119,7278,267,1000.0,1949696,0.0017291942604972317,-0.013323332708125302,1.0370069063334366,0.3545700455580866,993,-0.03166978061199188,0.9494352340698242,0.2,0.03372626,0.22208507359027863,0.0003
654.3603580999999,120,7277,270,1000.0,1966080,0.0015743381427119855,-0.013705588927031992,1.078117755286368,0.36792983164206644,1002,-0.029826395213603973,0.9334606528282166,0.2,0.03397947,0.22134490311145782,0.0003
658.6864182500001,121,7293,271,1000.0,1982464,0.002022386186290532,0.003724941766122356,1.0976588332653046,0.2946875,1004,0.0005424660048447549,0.9567668437957764,0.2,0.02623678,0.22112733125686646,0.0003
655.02323862,122,7309,273,1000.0,1998848,0.005270345944778196,0.010557869758589992,1.1033817291259767,0.34849330357142855,1006,0.000790345948189497,0.9085240960121155,0.2,0.04349063,0.22115202248096466,0.0003
656.9843393499999,123,7324,275,1000.0,2015232,0.006116987960977536,0.005017258386795569,1.103494021627638,0.30969854797979796,1008,0.004742217715829611,0.9250896573066711,0.2,0.028746638,0.22094444930553436,0.0003
656.25811846,124,7341,276,1000.0,2031616,0.0017673402098412423,0.0092108229080728,1.1286513546238774,0.28221240942028986,1010,-0.02564230002462864,0.9661498069763184,0.2,0.03460179,0.2204410284757614,0.0003
657.40758689,125,7355,278,1000.0,2048000,0.007574709493863753,0.0069675440616087944,1.1330731700106365,0.36512322154471544,1012,0.008106408640742302,0.8825193643569946,0.2,0.032542504,0.22077198326587677,0.0003
654.5612389400001,126,7371,280,1000.0,2064384,0.011093067221070936,0.01346036941721672,1.1229259618898717,0.33774771341463417,1013,0.04038601741194725,0.8405128121376038,0.2,0.027476974,0.2207849770784378,0.0003
655.43840228,127,7376,282,1000.0,2080768,0.0028810527651085558,-0.012121639038787452,1.1280154325291067,0.34915325598802394,1019,-0.017161447554826736,0.9482205510139465,0.2,0.033670854,0.2206043004989624,0.0003
661.18768957,128,7391,283,1000.0,2097152,0.00207507552944922,0.00456609670072794,1.138221572856514,0.32971938775510207,1021,0.0056059276685118675,0.9597442150115967,0.2,0.029883038,0.2203521728515625,0.0003
664.1256078600001,129,7401,285,1000.0,2113536,0.004046864312484252,-0.0015713316901605956,1.172341380313951,0.37779017857142855,1025,-0.0018046775367110968,0.8883184194564819,0.2,0.03343295,0.21956391632556915,0.0003
665.04528555,130,7415,287,1000.0,2129920,0.001817807772641081,0.006965117106192756,1.193900660536755,0.30994073275862066,1027,0.03530149161815643,0.9599893093109131,0.2,0.033404086,0.2193203568458557,0.0003
661.60238275,131,7425,289,1000.0,2146304,0.003454698634087899,-0.005055157792807187,1.2121628905242343,0.3336895636792453,1031,-0.02294754795730114,0.9363869428634644,0.2,0.030604452,0.21895182132720947,0.0003
664.7158999400001,132,7439,290,1000.0,2162688,0.002191912794772249,0.003888889174693479,1.2351990048701946,0.33440504807692306,1034,-0.022161636501550674,0.944709300994873,0.2,0.043734677,0.21855223178863525,0.0003
658.46495504,133,7445,292,1000.0,2179072,0.007543125625747366,-0.005186209249453018,1.2574824582273587,0.35968700079872207,1039,0.0024477397091686726,0.8683969378471375,0.2,0.030999564,0.21821258962154388,0.0003
656.2098825499999,134,7451,294,1000.0,2195456,0.01086254043936882,-0.00515670121771382,1.2487208623528074,0.3749200085324232,1044,-0.01914174295961857,0.848211407661438,0.2,0.032751027,0.21866144239902496,0.0003
651.06607947,135,7453,296,1000.0,2211840,0.0037299013138269482,-0.009629318916161988,1.253137915458494,0.364893052184466,1051,-0.010671003721654415,0.9048660397529602,0.2,0.032700796,0.21816860139369965,0.0003
642.59601269,136,7463,298,1000.0,2228224,0.002843466845336654,-0.004032424272873173,1.2828933448298996,0.3368727992957746,1055,-0.023781511932611465,0.9383424520492554,0.2,0.03145155,0.21773041784763336,0.0003
640.31878634,137,7478,300,1000.0,2244608,0.011409973432482392,0.013685347020833028,1.2915469982005932,0.30078125,1056,0.01925135962665081,0.709438681602478,0.2,0.022507977,0.2177085131406784,0.0003
634.8417206099999,138,7488,301,1000.0,2260992,0.004361631325446069,0.0010913212964725164,1.2979484776655832,0.33346354166666664,1059,0.00608352106064558,0.9129678606987,0.2,0.03052435,0.21751241385936737,0.0003
633.7849000099999,139,7503,303,1000.0,2277376,0.007222007291958384,0.011264607543125749,1.3020379543304443,0.298828125,1060,0.029524441808462143,0.8421620726585388,0.2,0.022691779,0.21752281486988068,0.0003
637.6798266999999,140,7519,305,1000.0,2293760,0.011337953380535584,0.009613181892279032,1.2998855919451326,0.3158783783783784,1061,0.035078562796115875,0.6599345207214355,0.2,0.024428116,0.2175813913345337,0.0003
640.20694612,141,7517,307,1000.0,2310144,0.0034359233104623854,-0.012149208625742317,1.2957529692334424,0.3782830739299611,1070,-0.03744407370686531,0.9246280193328857,0.2,0.039053336,0.21762315928936005,0.0003
653.32190724,142,7520,309,1000.0,2326528,0.0013106248008885554,-0.00950414979431246,1.3166267509584304,0.3575892857142857,1077,-0.036159172654151917,0.9356985092163086,0.2,0.049906194,0.2171124964952469,0.0003
660.3403292899999,143,7524,311,1000.0,2342912,0.0017004090029482336,-0.009273909958064517,1.3413961242864476,0.3675635026737968,1083,-0.027038054540753365,0.9486078023910522,0.2,0.03389678,0.21678964793682098,0.0003
672.3732092500001,144,7538,312,1000.0,2359296,0.001889215604799082,0.013247537060228527,1.3480604437531019,0.30648053278688525,1084,0.015926962718367577,0.9532081484794617,0.2,0.022177383,0.21654783189296722,0.0003
672.4263496299999,145,7551,314,1000.0,2375680,0.0020025177304719196,0.0047889725279269945,1.3561438862924222,0.3258463541666667,1086,0.017521396279335022,0.9398940801620483,0.2,0.030167878,0.21635140478610992,0.0003
680.3479542199999,146,7548,316,1000.0,2392064,0.0016034021537326515,-0.012708440045045651,1.39293423614933,0.3656941501883239,1095,-0.028779752552509308,0.9439828991889954,0.2,0.030571604,0.21578752994537354,0.0003
675.75703667,147,7558,318,1000.0,2408448,0.0023898648177515824,0.0021200290116659133,1.404451481868766,0.33376986994219654,1098,0.015402927994728088,0.9496065378189087,0.2,0.030948581,0.21559357643127441,0.0003
672.3746848100001,148,7572,320,1000.0,2424832,0.008948011177458933,0.009893197672707695,1.4130436897277832,0.32377232142857143,1099,0.006676871329545975,0.8986843824386597,0.2,0.024697963,0.2154354453086853,0.0003
668.39957407,149,7580,322,1000.0,2441216,0.002767147853830417,-0.0022877173588932613,1.4325028183185948,0.36309112278761063,1103,-0.022936897352337837,0.9426617622375488,0.2,0.033576775,0.21499590575695038,0.0003
656.60038712,150,7591,323,1000.0,2457600,0.005447889693965346,0.007079148345421684,1.4485235810279846,0.3391816737288136,1105,0.014822980388998985,0.8930844068527222,0.2,0.029590774,0.21463745832443237,0.0003
649.0332084099999,151,7590,325,1000.0,2473984,0.006531399823351032,-0.00932048075784613,1.4767530696200473,0.37253243582589285,1112,0.0028330362401902676,0.8375239968299866,0.2,0.033486836,0.21441936492919922,0.0003
637.3886624500001,152,7591,328,1000.0,2490368,0.010767111218066562,-0.0064780643508231765,1.4518263670200473,0.37948393485915494,1119,-0.026778211817145348,0.8182947039604187,0.2,0.034745894,0.21527762711048126,0.0003
642.67879007,153,7605,329,1000.0,2506752,0.01501693402564055,0.01285042915199148,1.4285654896184017,0.3112664473684211,1120,0.033767350018024445,0.7211203575134277,0.2,0.024338035,0.2151990532875061,0.0003
642.7310728699999,154,7604,331,1000.0,2523136,0.0021484562979818002,-0.014811290367697537,1.4478633560835672,0.3507694384449244,1128,-0.01989627629518509,0.9329779148101807,0.2,0.031936314,0.21468627452850342,0.0003
636.2435122400001,155,7601,334,1000.0,2539520,0.0030669317989401065,-0.01270836350725746,1.4789281895518966,0.36947762059369205,1137,-0.017668288201093674,0.8745465278625488,0.2,0.03402952,0.21431873738765717,0.0003
635.23717071,156,7608,335,1000.0,2555904,0.012691596309950417,0.0017279129233500061,1.4729096810947093,0.36944343507751937,1142,-0.004121941979974508,0.6386163830757141,0.2,0.041807774,0.2144375443458557,0.0003
632.78735791,157,7607,338,1000.0,2572288,0.005231232963662767,-0.006458613128765233,1.4657224685151056,0.36009933774834435,1150,-0.021403193473815918,0.731429934501648,0.2,0.035915665,0.2146461009979248,0.0003
629.82042535,158,7608,340,1000.0,2588672,0.010383901572574607,-0.008505567139416763,1.444402332197536,0.35935724431818183,1157,0.03613530471920967,0.7449722290039062,0.2,0.031539172,0.2149898260831833,0.0003
620.86697096,159,7617,341,1000.0,2605056,0.013218498968274733,0.005582108059585844,1.442906728003944,0.3502094972067039,1160,0.010945340618491173,0.6751434803009033,0.2,0.032150466,0.21493898332118988,0.0003
608.01452157,160,7624,343,1000.0,2621440,0.009750516350044215,-0.001200473841596791,1.4432939260563953,0.3273769946808511,1164,-0.017183437943458557,0.7065181136131287,0.2,0.028288238,0.21493907272815704,0.0003
611.08104234,161,7626,345,1000.0,2637824,0.012437170141622152,-0.0013344148021950035,1.4705638194519919,0.37308257180156656,1170,-0.011624696664512157,0.5588154792785645,0.2,0.03587775,0.2141321450471878,0.0003
605.55706487,162,7625,348,1000.0,2654208,0.006481146619965633,-0.005900075940104822,1.4998937598864237,0.36328125,1178,-0.009572724811732769,0.7606474161148071,0.2,0.042943224,0.2138012796640396,0.0003
610.1071784000001,163,7632,349,1000.0,2670592,0.008638515255798705,0.0009432267550465338,1.5058559892720698,0.35883204633204635,1183,-0.009381541050970554,0.7453441619873047,0.2,0.039786384,0.21384257078170776,0.0003
612.01391093,164,7629,352,1000.0,2686976,0.009134929466742176,-0.0070412527621105435,1.501187206316395,0.3657349658613445,1191,-0.027365941554307938,0.7439787983894348,0.2,0.032048475,0.2138255089521408,0.0003
613.6757992099999,165,7631,354,1000.0,2703360,0.010348835594288492,0.0017597174228580013,1.5069402576940745,0.3479251012145749,1195,0.003008914180099964,0.7086647748947144,0.2,0.029362496,0.2138879895210266,0.0003
622.05000166,166,7637,356,1000.0,2719744,0.006218582569054756,-0.0034240015079781043,1.4999190170145544,0.36831350088967973,1200,-0.02811301127076149,0.8301724791526794,0.2,0.03296553,0.2137305736541748,0.0003
630.32027654,167,7635,358,1000.0,2736128,0.004419174454942229,-0.00985957247409204,1.5275528867184065,0.3621575342465753,1208,-0.029069356620311737,0.8448716998100281,0.2,0.03108124,0.2133842557668686,0.0003
632.7101274199999,168,7643,360,1000.0,2752512,0.00486945919427936,0.005533710336418484,1.5254556340250103,0.36445756392045453,1211,-0.0029890588484704494,0.8852285146713257,0.2,0.031177998,0.21361194550991058,0.0003
631.5434992300001,169,7653,361,1000.0,2768896,0.008218538882822668,0.005895370061774432,1.5229332299128067,0.33063412408759124,1214,-0.02065849117934704,0.8167209625244141,0.2,0.036681324,0.21347951889038086,0.0003
632.74403843,170,7653,363,1000.0,2785280,0.00864849755819658,-0.00556973656536485,1.5127410091990627,0.35242628992628994,1221,-0.008515475317835808,0.7194317579269409,0.2,0.034325875,0.21376144886016846,0.0003
644.3261923199999,171,7660,365,1000.0,2801664,0.00743227069304414,0.002237129183571156,1.5064817884741308,0.3570918949771689,1225,0.026534106582403183,0.8384034633636475,0.2,0.032003075,0.2138502597808838,0.0003
646.17742175,172,7655,368,1000.0,2818048,0.0022758133369474237,-0.013102100741478705,1.4944535811607218,0.37542444821731746,1235,-0.03870702162384987,0.9049649834632874,0.2,0.037817936,0.21388716995716095,0.0003
648.24516064,173,7668,369,1000.0,2834432,0.008813305736773393,0.011166869810867038,1.5018386028029702,0.3224431818181818,1236,0.03634551912546158,0.8395294547080994,0.2,0.02662705,0.21393156051635742,0.0003
653.0346846,174,7669,371,1000.0,2850816,0.0022751425357908995,-0.00688441435064344,1.5014126099508482,0.36106530343007914,1242,-0.015333001501858234,0.8931003212928772,0.2,0.03209791,0.21378564834594727,0.0003
668.0518858,175,7678,373,1000.0,2867200,0.002402733074437863,0.005412949208459518,1.5102272936441365,0.3266459344660194,1244,0.00644614826887846,0.9266480803489685,0.2,0.027944865,0.21376144886016846,0.0003
673.50812504,176,7680,375,1000.0,2883584,0.0017011596003082834,-0.01028744765597635,1.51760428916407,0.3544946723918575,1251,-0.035087402909994125,0.9507333040237427,0.2,0.03723743,0.21357138454914093,0.0003
674.4599017200001,177,7685,377,1000.0,2899968,0.003296953691903996,-0.0012714621973120505,1.5203063398279169,0.35675683243727596,1256,-0.010226679965853691,0.8784416317939758,0.2,0.031633254,0.2135961502790451,0.0003
683.8102999899999,178,7696,378,1000.0,2916352,0.004633324048925368,0.01397441511618949,1.527013946147192,0.33621651785714285,1257,0.0053598652593791485,0.7720296382904053,0.2,0.02581643,0.21340864896774292,0.0003
688.52692031,179,7697,380,1000.0,2932736,0.0008721925997476381,-0.009550771961936303,1.5687385928959476,0.3616854636591479,1264,-0.033729054033756256,0.9529731273651123,0.2,0.03381702,0.2124141901731491,0.0003
689.8629719700001,180,7702,382,1000.0,2949120,0.0011533697325732822,-0.004592783430584301,1.602577445232292,0.3678119191449814,1269,0.003356937086209655,0.948319137096405,0.2,0.03671685,0.21197448670864105,0.0003
691.30252248,181,7712,384,1000.0,2965504,0.0017994768460522646,0.019141686114448088,1.6093301883450262,0.3153211805555556,1270,0.279638409614563,0.9387523531913757,0.2,0.024254931,0.21201187372207642,0.0003
694.63701391,182,7717,386,1000.0,2981888,0.002483105021052655,-0.003160091582685709,1.6234971185525258,0.3782108191287879,1275,-0.016846351325511932,0.9346858859062195,0.2,0.03957092,0.21162311732769012,0.0003
701.17365818,183,7728,387,1000.0,2998272,0.002260031474288553,0.010826537683606148,1.6333109736442566,0.341484375,1276,0.012705803848803043,0.9184456467628479,0.2,0.026364539,0.211642786860466,0.0003
701.3645743600001,184,7735,389,1000.0,3014656,0.0014457257449050902,6.300392372242977e-05,1.6475419577835613,0.3540236632947977,1279,0.0014872183091938496,0.964046835899353,0.2,0.032142997,0.21126122772693634,0.0003
