time/total_timesteps,time/iterations,rollout/ep_rew_mean,time/time_elapsed,time/fps,rollout/ep_len_mean,train/std,train/entropy_loss,train/clip_fraction,train/clip_range,train/n_updates,train/value_loss,train/explained_variance,train/learning_rate,train/loss,train/policy_gradient_loss,train/approx_kl
16384,1,1186.1807791875,1,10533,1000.0,,,,,,,,,,,
32768,2,1205.8140403749999,3,9431,1000.0,0.17811889946460724,3.716119430646175,0.35423778886554624,0.2,1314,0.004753609446166944,0.876823365688324,0.0003,-0.012438751757144928,-0.0060225439281398506,0.031971484
49152,3,1204.4818919375,5,9330,1000.0,0.1781444102525711,3.7279736235097873,0.3554447852760736,0.2,1317,0.003390734119660741,0.8572492599487305,0.0003,-0.002986878389492631,-0.00046351053923414164,0.032839775
65536,4,1208.2933871875,7,9290,1000.0,0.17822079360485077,3.7256563164595233,0.3475207731213873,0.2,1320,0.0039089729826402115,0.8224328756332397,0.0003,-0.007627201732248068,-0.00036645380543232656,0.031314425
81920,5,1211.0963502625,9,9002,1000.0,0.17807798087596893,3.7287608162231898,0.3795321772997033,0.2,1326,0.002348964935091244,0.84028160572052,0.0003,-0.005977734923362732,-0.012196259975892102,0.034818623
98304,6,1213.6725730104165,10,9111,1000.0,0.1779695302248001,3.737812106854448,0.32312353971962615,0.2,1328,0.0031652652134109183,0.8858867287635803,0.0003,-0.010645672678947449,0.005450573743312297,0.027812254
114688,7,1222.31248886,12,9037,1000.0,0.17781658470630646,3.748280883342662,0.3645445478723404,0.2,1332,0.00251362743896452,0.8795391321182251,0.0003,-0.03476160392165184,-0.0045671837988923835,0.033421326
131072,8,1223.1356497600002,14,8996,1000.0,0.17784084379673004,3.752646297367696,0.3626269035532995,0.2,1336,0.002559817082905754,0.8907034397125244,0.0003,-0.026155028492212296,-0.0036940102614367826,0.03821558
147456,9,1226.4199457700001,16,8978,1000.0,0.17743434011936188,3.7697307622432707,0.35357421875,0.2,1340,0.003608847566647455,0.7681955695152283,0.0003,-0.024933747947216034,-0.0023053180216811597,0.037331834
163840,10,1238.7743912399999,18,8875,1000.0,0.1774471253156662,3.779763366281986,0.37388916015625,0.2,1345,0.0025474399742961397,0.7977080345153809,0.0003,-0.021754559129476547,-0.010870819562114775,0.035633653
180224,11,1239.85089072,20,8908,1000.0,0.17735254764556885,3.7877789054598128,0.3530590503246753,0.2,1348,0.0018757874230769548,0.8857261538505554,0.0003,-0.018969237804412842,0.000837647555662053,0.033002265
196608,12,1236.9887770300002,22,8836,1000.0,0.1772947758436203,3.7922936775066236,0.374146412037037,0.2,1353,0.0020561613547788174,0.8833566904067993,0.0003,-0.014691908843815327,-0.009530077302069576,0.036004048
212992,13,1238.9165302899999,23,8918,1000.0,0.17719775438308716,3.798160445690155,0.3138671875,0.2,1354,0.007985831995029002,0.7724908590316772,0.0003,0.03647196665406227,0.011320495046675205,0.024747346
229376,14,1235.8261426600002,25,8888,1000.0,0.17708967626094818,3.811125851225579,0.37483536877394635,0.2,1359,0.0030807441419839743,0.859714150428772,0.0003,-0.021136311814188957,-0.008189294802139147,0.040650297
245760,15,1238.64297923,27,8881,1000.0,0.17687344551086426,3.8207293129434774,0.35043275122549017,0.2,1363,0.0029546660856188587,0.8229076862335205,0.0003,-0.016716081649065018,-0.002209885876771866,0.03906296
262144,16,1232.67637371,29,8862,1000.0,0.1767614334821701,3.8332486189613046,0.3597837936046512,0.2,1368,0.0031298516866888186,0.8526929616928101,0.0003,-0.03572786599397659,-0.007749524900631965,0.04093291
278528,17,1230.86003869,31,8810,1000.0,0.17661643028259277,3.8423345951612857,0.3773704594017094,0.2,1374,0.0031438740003493183,0.8282840251922607,0.0003,-0.027968645095825195,-0.013624163634379917,0.035598483
294912,18,1226.1979486599998,33,8821,1000.0,0.17645366489887238,3.8501620975700583,0.3554054054054054,0.2,1377,0.004058353852077916,0.746890127658844,0.0003,0.006165130063891411,0.0007918404836862071,0.031377982
311296,19,1231.11159812,35,8853,1000.0,0.1765621155500412,3.8536959368249644,0.35102468297101447,0.2,1380,0.004092991417881263,0.8293300271034241,0.0003,-0.01669323444366455,0.001692017864273942,0.036328636
327680,20,1233.94380932,37,8825,1000.0,0.17635364830493927,3.8588175181276307,0.3775111607142857,0.2,1386,0.0028188334078736235,0.7945263385772705,0.0003,-0.043013978749513626,-0.008098349811781128,0.044631578
344064,21,1228.27885941,38,8831,1000.0,0.17636103928089142,3.8682921273367747,0.37422273596938777,0.2,1390,0.005197092239763968,0.8159934282302856,0.0003,-0.010710105299949646,-0.0011225516791455448,0.0397121
360448,22,1230.81357898,40,8821,1000.0,0.17618590593338013,3.876182231377429,0.3692328986220472,0.2,1394,0.0035953483742287777,0.8793801069259644,0.0003,0.023845244199037552,-0.00529671268992302,0.03490645
376832,23,1237.214313,42,8814,1000.0,0.17611463367938995,3.882241448269615,0.36290216244725737,0.2,1398,0.0024116009975811035,0.9116840362548828,0.0003,-0.03794941306114197,-0.007278853940938595,0.034116566
393216,24,1243.6108476099998,44,8830,1000.0,0.17547272145748138,3.905828514578622,0.3473070879888268,0.2,1401,0.002162380573240905,0.8525934219360352,0.0003,-0.004269635304808617,-0.001925261454479821,0.030958587
409600,25,1244.99797622,46,8850,1000.0,0.17528587579727173,3.936077630297738,0.35427989130434784,0.2,1404,0.0024837457158411883,0.860521674156189,0.0003,-0.004364442080259323,0.001109193689450159,0.029871406
425984,26,1248.94684047,48,8858,1000.0,0.1755586713552475,3.9343385338783263,0.38166232638888886,0.2,1407,0.005885101761668921,0.7715396285057068,0.0003,-0.004385795909911394,-0.0010445138918132417,0.03292858
442368,27,1250.63916111,49,8852,1000.0,0.17546223104000092,3.927395883309414,0.3550796812749004,0.2,1411,0.002821014704743022,0.9086458086967468,0.0003,-0.014030351303517818,-0.007165637477653554,0.032349367
458752,28,1256.92049681,51,8854,1000.0,0.17522211372852325,3.941039383146498,0.35491319444444447,0.2,1415,0.002737617814499471,0.8326392769813538,0.0003,-0.020086772739887238,-0.0027114492437491813,0.033647005
475136,29,1256.39357121,53,8823,1000.0,0.1748638153076172,3.9528880983391064,0.3700582005033557,0.2,1420,0.0018983551952675385,0.8480333089828491,0.0003,-0.020191900432109833,-0.009318953133094431,0.034168076
491520,30,1254.06191144,55,8812,1000.0,0.1747198849916458,3.9716445869869657,0.36874159946236557,0.2,1425,0.002616880993579104,0.8744310736656189,0.0003,-0.03045838139951229,-0.00691909378054001,0.03572565
507904,31,1256.87431097,57,8816,1000.0,0.17438966035842896,3.987943493991817,0.36716958142201833,0.2,1429,0.002634487005907598,0.9009361267089844,0.0003,-0.012428970076143742,-0.003590247495561291,0.035412047
524288,32,1246.7119206300001,59,8821,1000.0,0.1745155304670334,3.9986299109582455,0.36145968264248707,0.2,1433,0.004027464381211625,0.7753912210464478,0.0003,-0.02411324344575405,0.0005384054495784131,0.051802523
540672,33,1236.0800916,61,8809,1000.0,0.17456340789794922,3.993851799756188,0.3673058712121212,0.2,1438,0.0062340577689598406,0.7474944591522217,0.0003,-0.015781978145241737,-0.007647373374106256,0.033922408
557056,34,1205.8944313900001,63,8825,994.75,0.17432935535907745,3.9933523880807975,0.34204652255639095,0.2,1441,0.010039418239034432,0.6913326382637024,0.0003,-0.00854733306914568,0.0020595834016295753,0.041759122
573440,35,1183.6919615299998,64,8828,994.75,0.1740787774324417,4.017229575921993,0.3486424814356436,0.2,1445,0.013840624025220623,0.7168154716491699,0.0003,-0.024563537910580635,0.00011315795657510805,0.035473697
589824,36,1167.60433925,66,8816,994.75,0.17418308556079865,4.018198828905922,0.36637205387205385,0.2,1450,0.013281609549466207,0.7506808042526245,0.0003,-0.022875666618347168,-0.009697277011876606,0.033782806
606208,37,1160.40882492,68,8803,994.75,0.17404186725616455,4.019212085248786,0.37169471153846156,0.2,1455,0.008275968791923789,0.7656117081642151,0.0003,-0.03294817730784416,-0.007744337870456251,0.037310705
622592,38,1164.89270308,70,8791,994.75,0.17404092848300934,4.01815739184915,0.3781016403654485,0.2,1460,0.005271504481517991,0.7717705965042114,0.0003,-0.01257719099521637,-0.00811772383486487,0.035037916
638976,39,1177.052877,72,8788,994.75,0.17422835528850555,4.010507092988195,0.37299845041322316,0.2,1464,0.004621286219378456,0.8797540664672852,0.0003,-0.014259915798902512,-0.006744039887639363,0.03463402
655360,40,1191.86247604,74,8785,994.75,0.17418701946735382,4.014415024687803,0.3853775482832618,0.2,1468,0.004308191202021336,0.8301408290863037,0.0003,-0.014833721332252026,-0.004842952953035995,0.036916733
671744,41,1214.03773185,76,8792,1000.0,0.17411333322525024,4.014199736572447,0.35030691964285715,0.2,1471,0.004433855371427767,0.8577890992164612,0.0003,0.010424545034766197,-0.0003697494976222515,0.029940402
688128,42,1231.3952145,78,8783,1000.0,0.17442381381988525,4.010195536966677,0.37569444444444444,0.2,1476,0.0037043336658152165,0.8477665781974792,0.0003,-0.04888555407524109,-0.007419416642989274,0.03686631
704512,43,1223.6281563099997,80,8788,1000.0,0.17443574965000153,3.9986158620743524,0.3684337797619048,0.2,1480,0.005871623160228843,0.7688485383987427,0.0003,-0.02510685846209526,-0.002932395563194794,0.03626191
720896,44,1225.7890771,82,8780,1000.0,0.1743839979171753,3.996388549510116,0.3702793194980695,0.2,1485,0.008260183793251694,0.7408682107925415,0.0003,-0.0237751305103302,-0.0055435423839938,0.04089508
737280,45,1227.38461517,83,8786,1000.0,0.17408478260040283,4.013482325532463,0.36385182584269665,0.2,1488,0.00473149811843766,0.7975099682807922,0.0003,-0.008484403602778912,-0.0006950613820213783,0.033547815
753664,46,1226.6608702199999,85,8794,1000.0,0.1740572452545166,4.0224534548245945,0.36976304945054944,0.2,1491,0.004864403971593705,0.7678142786026001,0.0003,-0.001632570056244731,-0.0010640055509181796,0.033331495
770048,47,1223.25264666,87,8809,1000.0,0.17385905981063843,4.028764789066617,0.34790426587301587,0.2,1493,0.00695757548295198,0.7347396016120911,0.0003,0.04660873860120773,0.007678305390217002,0.02791467
786432,48,1221.85551984,89,8802,1000.0,0.17394977807998657,4.036490115333586,0.3675825140449438,0.2,1498,0.0055869278499738,0.7613571882247925,0.0003,-0.02835528738796711,-0.005625018325881956,0.03528854
802816,49,1232.07778076,91,8816,1000.0,0.17394770681858063,4.035059980643812,0.3600714631782946,0.2,1501,0.010370276113899872,0.7102022171020508,0.0003,0.0021289773285388947,0.006919725962315304,0.045140844
819200,50,1235.84523313,92,8826,1000.0,0.17413043975830078,4.0250571688766,0.34787735849056606,0.2,1504,0.0042868788081730875,0.8050237894058228,0.0003,-0.0015865701716393232,0.001501317812516442,0.029435027
835584,51,1236.9288509000003,94,8825,1000.0,0.17391087114810944,4.022371097583676,0.3654967350746269,0.2,1508,0.005196053670274455,0.7766863107681274,0.0003,-0.02278721332550049,-0.001030481566410901,0.038928576
851968,52,1242.0089029,96,8835,1000.0,0.17379772663116455,4.034351333087643,0.35903870033112584,0.2,1511,0.004493081555177538,0.7600955367088318,0.0003,-0.011208160780370235,0.0032299272592691396,0.032648414
868352,53,1241.0977947000001,98,8843,1000.0,0.17382216453552246,4.0324095738161905,0.3421576433121019,0.2,1514,0.004560947041531467,0.8433737754821777,0.0003,-0.022122075781226158,0.0021414850352059122,0.033873394
884736,54,1238.2642721099999,100,8835,1000.0,0.17365773022174835,4.036387264728546,0.3744032118055556,0.2,1519,0.003996869860404533,0.8761033415794373,0.0003,-0.02899494580924511,-0.00946635945486681,0.03859139
901120,55,1236.71412061,101,8851,1000.0,0.17362184822559357,4.042417837225872,0.3461277173913043,0.2,1521,0.00749877550760689,0.7590279579162598,0.0003,0.019755087792873383,0.008079316963077239,0.031663846
917504,56,1236.9828252,103,8848,1000.0,0.17353056371212006,4.043435194553473,0.3738314636752137,0.2,1525,0.0052535130918965256,0.8087418675422668,0.0003,-0.010887443087995052,-0.004427661514307698,0.03534449
933888,57,1237.5852768700001,105,8849,1000.0,0.17317350208759308,4.064270094708279,0.37392666103603606,0.2,1529,0.0053827138302998765,0.7913837432861328,0.0003,0.007887471467256546,-0.0010304610047757894,0.03413907
950272,58,1235.51861093,107,8842,1000.0,0.1731887310743332,4.079313828263964,0.3833565848214286,0.2,1534,0.004998962083066415,0.8064463138580322,0.0003,-0.031038198620080948,-0.007645619617375944,0.034973036
966656,59,1240.32465189,109,8850,1000.0,0.17297275364398956,4.082005023956299,0.33631365740740743,0.2,1537,0.0035414989520278243,0.8191364407539368,0.0003,-0.02237943932414055,0.004143626487779397,0.037808005
983040,60,1241.96979624,110,8857,1000.0,0.1728322058916092,4.092347758555273,0.36250456871345027,0.2,1540,0.0036879456179946314,0.8369710445404053,0.0003,-0.011122330091893673,0.0013533846586833746,0.031242983
999424,61,1244.5676467300002,112,8876,1000.0,0.17275018990039825,4.097124448636683,0.2848704268292683,0.2,1541,0.004708624189356115,0.8232033848762512,0.0003,0.02401803620159626,0.009034542662159698,0.020275759
1015808,62,1238.29849876,114,8880,1000.0,0.17310772836208344,4.08919252876107,0.3519799618320611,0.2,1544,0.0062642456121202415,0.8340888023376465,0.0003,-0.016123438253998756,0.003626271277196876,0.041158374
1032192,63,1224.47044146,116,8875,996.34,0.17297492921352386,4.084018701598758,0.3832155257936508,0.2,1548,0.008008900857974021,0.7872937917709351,0.0003,-0.012173222377896309,-0.004709761388348563,0.03466303
1048576,64,1221.55877325,118,8879,996.34,0.17300881445407867,4.085557752619676,0.3563652663934426,0.2,1551,0.013631451625600864,0.7287957668304443,0.0003,-0.018254775553941727,-0.0022179213405937935,0.034305952
1064960,65,1215.92054596,119,8876,996.34,0.17276085913181305,4.098149729666309,0.3633907710280374,0.2,1555,0.00794373516637449,0.7618862390518188,0.0003,-0.01846424490213394,-0.004075189759175806,0.03645998
1081344,66,1201.27963396,121,8893,992.99,0.1725856214761734,4.1076656977335615,0.3003472222222222,0.2,1556,0.009748120150632329,0.7482086420059204,0.0003,0.05270529165863991,0.01534046247187588,0.022404911
1097728,67,1201.9222073900003,123,8893,992.99,0.17237405478954315,4.124868480322872,0.3606020942408377,0.2,1559,0.011866100342134842,0.7739952802658081,0.0003,0.03544182702898979,-0.00037154289698764604,0.034129385
1114112,68,1200.43284555,125,8903,992.99,0.17240607738494873,4.129847040454161,0.36062651699029125,0.2,1561,0.011657202295344142,0.8093893527984619,0.0003,0.016413968056440353,0.007299978078062673,0.031984627
1130496,69,1188.5740637,126,8912,991.8,0.17236466705799103,4.133234838338999,0.33362379807692305,0.2,1564,0.012250728883708898,0.7594623565673828,0.0003,-0.016367213800549507,0.004959637137989585,0.0442263
1146880,70,1186.714519,128,8921,991.8,0.17216737568378448,4.135984475272043,0.32526041666666666,0.2,1566,0.01834524181627092,0.7002676725387573,0.0003,0.004058202728629112,0.006440039560021389,0.0288133
1163264,71,1185.1939152400003,130,8916,991.8,0.17218273878097534,4.141392747561137,0.37971230158730157,0.2,1570,0.008885291693288656,0.774772047996521,0.0003,0.0007387897931039333,-0.006220796082671436,0.034042526
1179648,72,1179.5395658500001,132,8922,995.15,0.17206187546253204,4.148718862725584,0.3496486996644295,0.2,1573,0.010977475622656361,0.7239680886268616,0.0003,-0.009695583954453468,0.0007754854870422575,0.03766448
1196032,73,1171.5011258100003,133,8929,995.15,0.17204618453979492,4.1489394000757525,0.3546655957943925,0.2,1575,0.016524150880558468,0.6780935525894165,0.0003,0.017176806926727295,0.006094429388459528,0.032765064
1212416,74,1153.48861792,135,8933,995.15,0.17221160233020782,4.148710802197456,0.355560302734375,0.2,1577,0.011909458800801076,0.7228757739067078,0.0003,0.013592075556516647,0.005194807694351766,0.0315392
1228800,75,1170.51488655,137,8934,1000.0,0.17253749072551727,4.130895356446999,0.3761438190607735,0.2,1580,0.036873562745132496,0.647370457649231,0.0003,0.005480552092194557,-0.0009156855553882556,0.033654634
1245184,76,1156.35772564,139,8929,995.59,0.17232930660247803,4.125308023011389,0.3734342716942149,0.2,1584,0.012052962927855859,0.6557897329330444,0.0003,-0.012974988669157028,-0.004006168143131024,0.03632412
1261568,77,1157.76217216,141,8927,995.59,0.17236770689487457,4.133936523081182,0.37120106456043955,0.2,1587,0.01262552827944631,0.7675451040267944,0.0003,0.01578681170940399,-0.0004119293452087012,0.032444574
1277952,78,1163.59895188,143,8914,995.59,0.17180632054805756,4.15709800495159,0.3841376290560472,0.2,1593,0.007684805251899722,0.753240168094635,0.0003,-0.032079871743917465,-0.008277257183940318,0.038108755
1294336,79,1169.7095253499997,145,8913,995.59,0.17153091728687286,4.187758416773002,0.3794903621495327,0.2,1597,0.011335556623830555,0.6927359104156494,0.0003,-0.02996481955051422,-0.003834444045950876,0.038165867
1310720,80,1176.1784787500003,146,8920,989.09,0.171278715133667,4.198609384168096,0.3543855042016807,0.2,1599,0.011435439896245464,0.7640026807785034,0.0003,0.008243337273597717,0.004186511749965178,0.031483088
1327104,81,1159.6118920399997,148,8931,984.51,0.17135000228881836,4.203978723095309,0.31502016129032256,0.2,1600,0.014114555737544452,0.7586150169372559,0.0003,0.027496319264173508,0.013719846156515902,0.02375527
1343488,82,1169.27389936,150,8935,988.92,0.17165641486644745,4.19117813390844,0.35193014705882353,0.2,1603,0.01279566805152332,0.7729873657226562,0.0003,0.008669530041515827,0.0015786748762954684,0.03282429
1359872,83,1170.61951664,152,8933,988.92,0.1722232550382614,4.160549613586159,0.36147311681222705,0.2,1607,0.010343533808438669,0.6933616995811462,0.0003,-0.014214797876775265,-0.002172023480896346,0.034651358
1376256,84,1171.42255303,153,8938,988.92,0.17217671871185303,4.145513512194157,0.341278076171875,0.2,1609,0.0074606768212106545,0.8392974734306335,0.0003,0.011094360612332821,0.002320383569895057,0.029029127
1392640,85,1174.91420921,155,8950,992.46,0.17206774652004242,4.147962264160611,0.32322761194029853,0.2,1611,0.009539195697810223,0.8190234899520874,0.0003,0.0005265879444777966,0.014935061738673431,0.040910665
1409024,86,1181.66246886,157,8958,989.23,0.17220556735992432,4.147878696804955,0.3497767857142857,0.2,1613,0.010446456256544306,0.8190261721611023,0.0003,-0.009576418437063694,0.005764230917252245,0.033147458
1425408,87,1191.2735043399998,159,8953,987.69,0.17232954502105713,4.138521513848935,0.35347877358490565,0.2,1615,0.0096731089881428,0.8262182474136353,0.0003,0.005575681570917368,0.007305744068943105,0.034124345
1441792,88,1200.65469945,161,8951,987.69,0.17254430055618286,4.12381835843696,0.37893826844262296,0.2,1617,0.011641808025935878,0.7656244039535522,0.0003,0.008721527643501759,0.0073838432426335384,0.035257004
1458176,89,1184.6656134099999,162,8949,987.69,0.1724129170179367,4.126001402047964,0.3174278846153846,0.2,1619,0.007882347215826695,0.754523515701294,0.0003,-0.009309780783951283,0.01192289858769912,0.04888049
1474560,90,1179.39518914,165,8929,987.69,0.17265327274799347,4.114537940988286,0.3877071928223844,0.2,1626,0.01494856357547271,0.6724526882171631,0.0003,-0.012214497663080692,-0.013620744644575855,0.037244406
1490944,91,1179.23503229,167,8924,990.65,0.17270420491695404,4.111569883280279,0.37350687741312744,0.2,1631,0.012454625219106674,0.6789305210113525,0.0003,-0.013858187943696976,-0.0061411606876042935,0.042033326
1507328,92,1151.0332377099999,168,8920,986.84,0.17293508350849152,4.0981448767548905,0.3773172669491525,0.2,1635,0.01872472395978363,0.5966590642929077,0.0003,-0.022621318697929382,-0.0024534612400772967,0.035806403
1523712,93,1109.2841451,170,8915,973.11,0.17322474718093872,4.08149362782963,0.36501024590163933,0.2,1639,0.019956325425109903,0.725322425365448,0.0003,-0.007251258008182049,-0.005085417138198848,0.03342196
1540096,94,1073.23077363,172,8907,970.39,0.17341814935207367,4.0619969554366815,0.374834588762215,0.2,1644,0.043642906726911325,0.7742264866828918,0.0003,0.011612731963396072,-0.009525895088377138,0.037120394
1556480,95,1057.08058817,174,8907,967.92,0.17344222962856293,4.060604441333824,0.3534881161971831,0.2,1647,0.04027380962187136,0.7157036066055298,0.0003,-0.0025029703974723816,0.002172592545295475,0.03496739
1572864,96,1035.41127173,176,8903,967.92,0.1735398769378662,4.049839253762397,0.3685525092936803,0.2,1652,0.028587094823168555,0.7196547985076904,0.0003,-0.006705591455101967,-0.007009265714127667,0.03613708
1589248,97,1007.13776594,178,8898,958.1,0.17378918826580048,4.045313311319282,0.3614992016423358,0.2,1657,0.03839209273348759,0.6733439564704895,0.0003,-0.009188903495669365,-0.005491484225095406,0.036461513
1605632,98,1020.44926719,180,8907,965.14,0.17397205531597137,4.026953803865533,0.3336245888157895,0.2,1659,0.0318069461193916,0.6918627023696899,0.0003,0.002830794081091881,0.012471717408564138,0.030044967
1622016,99,1028.15621595,182,8903,977.38,0.17399851977825165,4.018897849580516,0.373145946557971,0.2,1664,0.01777847296814772,0.627409040927887,0.0003,-0.03320854902267456,-0.0065718885204093394,0.03650267
1638400,100,1059.91207435,184,8895,982.81,0.17452974617481232,3.999206868377892,0.3705658783783784,0.2,1669,0.04187304975238402,0.64451003074646,0.0003,0.019014060497283936,-0.007744264428667422,0.034414817
1654784,101,1059.66573556,185,8898,985.28,0.17465700209140778,3.9840466251244417,0.35272381756756754,0.2,1672,0.02567765749109959,0.6543360352516174,0.0003,0.0026156269013881683,0.0015631725420118183,0.034920387
1671168,102,1068.1191081200002,187,8891,985.28,0.1746755987405777,3.974371041092917,0.3744889018691589,0.2,1678,0.02531267669214359,0.5450493097305298,0.0003,-0.0351150706410408,-0.00887823280025378,0.04533059
1687552,103,1068.8901728800001,189,8887,990.24,0.17478878796100616,3.971357845171853,0.36341091804979253,0.2,1682,0.02743909739081543,0.6480528116226196,0.0003,-0.002263200469315052,-0.0030067213637081916,0.03234673
1703936,104,1074.2327025599998,191,8889,990.24,0.17482726275920868,3.957761428974293,0.36121445105820105,0.2,1685,0.031982653010538015,0.7174903750419617,0.0003,0.00963497068732977,0.0001838752068579197,0.03231863
1720320,105,1071.7556807199999,193,8885,985.37,0.1748012751340866,3.9717037131768147,0.3748061784351145,0.2,1690,0.01997067483198893,0.6559420228004456,0.0003,-0.02639164961874485,-0.004077966707111656,0.04053658
1736704,106,1074.77147137,195,8875,988.45,0.17471164464950562,3.9762221574783325,0.36711690512048195,0.2,1696,0.024018803852643954,0.6180582642555237,0.0003,-0.022824950516223907,-0.008894090457252753,0.035921182
1753088,107,1075.56331894,197,8872,986.98,0.1746465414762497,3.9809530767571015,0.35924949799196787,0.2,1700,0.012678460655621735,0.7446329593658447,0.0003,-0.008646313101053238,-0.005651880051925719,0.03361458
1769472,108,1069.3517101099999,199,8873,978.33,0.17474687099456787,3.982965336604552,0.3497647372159091,0.2,1703,0.02632054875985804,0.7502500414848328,0.0003,0.004091004841029644,-0.00044439073694361883,0.030586049
1785856,109,1068.49126014,201,8878,965.43,0.1749228835105896,3.964903681618827,0.34852120535714287,0.2,1706,0.026116832751514656,0.7855676412582397,0.0003,-0.007995950058102608,0.00318379051251603,0.034071967
1802240,110,1065.4500970899999,202,8878,966.06,0.17493081092834473,3.9624141748400703,0.3630548007246377,0.2,1710,0.021551258628063157,0.8162271976470947,0.0003,-0.01329871080815792,-0.0036042098423853014,0.037209067
1818624,111,1076.3292242399998,204,8881,964.37,0.1746794730424881,3.9705047453603437,0.3253276209677419,0.2,1713,0.021966199811187484,0.7448121309280396,0.0003,0.005212629213929176,-0.0013824174390925515,0.030160759
1835008,112,1069.77026439,206,8883,964.37,0.17480039596557617,3.9716238413734,0.37450610632183906,0.2,1716,0.020979084256479794,0.7443833351135254,0.0003,-0.004906240850687027,0.0015486262647713396,0.033191692
1851392,113,1079.31526872,208,8894,965.84,0.17468076944351196,3.974055962562561,0.299375,0.2,1717,0.022330386135727166,0.6690137386322021,0.0003,0.05154314637184143,0.0126619260199368,0.022370655
1867776,114,1082.97104212,209,8900,966.74,0.17457707226276398,3.9840570626799594,0.33384342783505155,0.2,1719,0.014609245477801132,0.6903817057609558,0.0003,0.01584489643573761,0.007169240970433373,0.02966215
1884160,115,1108.0463409499998,211,8904,984.5,0.17464350163936615,3.9819412743387046,0.35393500766871167,0.2,1722,0.025547812344289263,0.71662837266922,0.0003,-0.0014360928907990456,-0.0008549070260001838,0.032805886
1900544,116,1096.68825879,213,8902,985.05,0.17451250553131104,3.9867699166056525,0.3573003112033195,0.2,1726,0.018237522455450163,0.7778146266937256,0.0003,-0.00439879484474659,-0.006717797157188483,0.033329498
1916928,117,1101.86374752,215,8907,986.56,0.17472557723522186,3.982239335999453,0.33784656954887216,0.2,1729,0.036786208657505814,0.7165507078170776,0.0003,0.00603272020816803,0.003918615807043879,0.03858264
1933312,118,1098.47168569,216,8909,981.79,0.17457683384418488,3.9817122184124187,0.3576232280927835,0.2,1733,0.02048796803220031,0.793124794960022,0.0003,0.005345381796360016,-6.539418155653882e-05,0.04076804
1949696,119,1102.5974569100001,218,8911,981.79,0.17430777847766876,3.991311488280425,0.35948057432432434,0.2,1736,0.024783229988974493,0.7569976449012756,0.0003,-0.009175354614853859,-0.0003303411555149265,0.03361211
1966080,120,1105.34459063,220,8904,983.57,0.17449860274791718,3.9995382162240833,0.3728125,0.2,1742,0.016269217626406596,0.6963033080101013,0.0003,-0.014404742047190666,-0.007488742907030078,0.04091534
1982464,121,1106.1629685599999,222,8904,981.79,0.17451675236225128,3.9833854823351995,0.3512236015981735,0.2,1746,0.019009374090593698,0.8427356481552124,0.0003,-0.02670600637793541,-0.004935793372372922,0.033855867
1998848,122,1129.07314302,224,8905,987.3,0.17415092885494232,3.999399706803633,0.35350483425414364,0.2,1749,0.016010652851951385,0.8007336854934692,0.0003,-0.020493673160672188,0.0006137132665235035,0.032396205
2015232,123,1107.28757331,226,8906,982.83,0.17421114444732666,4.010011262300482,0.38651315789473684,0.2,1753,0.016537833718235414,0.753148078918457,0.0003,-0.011322764679789543,-0.004095391059543884,0.038529813
2031616,124,1064.78468396,228,8909,971.55,0.17427009344100952,3.9950740907177233,0.36603282232704404,0.2,1756,0.03836602991763151,0.8103767037391663,0.0003,0.007291583344340324,0.0021088327011737807,0.033358373
2048000,125,1048.40703632,229,8914,971.51,0.1742161512374878,4.00168672234121,0.3366082702020202,0.2,1758,0.06488190798295869,0.8025013208389282,0.0003,0.008251603692770004,0.006915910352924557,0.031546444
2064384,126,1030.70984861,231,8908,969.31,0.17439429461956024,3.9946068220022246,0.3783346036585366,0.2,1764,0.04193698099768925,0.6880559921264648,0.0003,0.0013010650873184204,-0.007573115071508943,0.039941262
2080768,127,1008.2254294600002,233,8912,971.09,0.1743849515914917,3.9904641270637513,0.32666015625,0.2,1766,0.055996862798929216,0.6766006946563721,0.0003,0.017710551619529724,0.006425041637461011,0.028431049
2097152,128,990.6966729600001,235,8905,965.02,0.17465949058532715,3.981345815433038,0.3725717905405405,0.2,1771,0.04897056567809872,0.6830394864082336,0.0003,0.014840571209788322,-0.006272672843880247,0.03382321
2113536,129,997.9638749299999,237,8904,966.19,0.17414502799510956,3.986942985653877,0.3805013020833333,0.2,1775,0.023652544035576283,0.7921150922775269,0.0003,-0.01340547390282154,-0.005090160186712941,0.03457213
2129920,130,1003.78639291,238,8913,957.19,0.1742950677871704,4.001182878458941,0.3302951388888889,0.2,1776,0.05131907636920611,0.6912522315979004,0.0003,0.05976008251309395,0.013326781224114475,0.02575603
2146304,131,1005.23465681,240,8911,956.82,0.1746608465909958,3.980119273386288,0.3764082618025751,0.2,1780,0.05613990287924017,0.8127217292785645,0.0003,-0.001713467761874199,-0.0021435575261951898,0.035522692
2162688,132,975.2527264699997,242,8912,943.06,0.17432349920272827,3.9842601421551826,0.3706330128205128,0.2,1784,0.04446928132420931,0.6897971630096436,0.0003,0.014042912051081657,-0.00013500420281138177,0.04052668
2179072,133,939.64189142,244,8919,928.92,0.17439450323581696,3.991245658166947,0.3262978830645161,0.2,1785,0.06166852439843839,0.7490985989570618,0.0003,0.06137889623641968,0.01519252851815714,0.025829831
2195456,134,934.5141541399998,245,8928,923.6,0.1744638830423355,3.9834141990412837,0.31131114130434784,0.2,1786,0.10988889116307964,0.5553170442581177,0.0003,0.10435725748538971,0.015586247434839606,0.02387476
2211840,135,948.7500557799999,247,8933,925.71,0.17461557686328888,3.9794400139192563,0.35076742256637167,0.2,1788,0.027365739168846503,0.8212746381759644,0.0003,0.021095680072903633,0.006317878228538068,0.034063
2228224,136,956.4416537200002,249,8932,928.5,0.17487168312072754,3.960175614671659,0.3743853109137056,0.2,1792,0.036875365207416154,0.7968692779541016,0.0003,0.004654424265027046,0.0011455015962480138,0.03859389
2244608,137,954.6249616399999,251,8934,918.36,0.17479877173900604,3.9551550975212684,0.3639251373626374,0.2,1795,0.033159223139531666,0.821471631526947,0.0003,-0.001315675675868988,-0.0008760559715453413,0.032209706
2260992,138,967.44994779,252,8939,920.74,0.1748618334531784,3.9535478050746615,0.3595920138888889,0.2,1797,0.04607438381820444,0.8317171335220337,0.0003,0.045248545706272125,0.003083200522861074,0.030896716
2277376,139,989.7085614199999,254,8939,916.26,0.1749996542930603,3.94518091973294,0.36576106039325845,0.2,1800,0.0368294832035062,0.7804624438285828,0.0003,0.03066921979188919,-0.001435984480665641,0.032812193
2293760,140,970.0896768999999,256,8940,919.69,0.1752365231513977,3.934289333067442,0.3602744654605263,0.2,1803,0.053229650384501406,0.8052667379379272,0.0003,0.0018567107617855072,0.001385723641234156,0.035431903
2310144,141,964.5410486,258,8939,939.05,0.17513249814510345,3.931537919463473,0.37460774058577406,0.2,1807,0.03967217237505454,0.6759480834007263,0.0003,0.011125469580292702,-0.003466750783495075,0.033075377
2326528,142,946.96371874,260,8937,933.91,0.17487949132919312,3.9468371447969655,0.3711577868852459,0.2,1811,0.05970060223805123,0.639585018157959,0.0003,0.02617681957781315,-0.0036951404324442635,0.032892384
2342912,143,937.70872285,261,8943,932.71,0.1749352067708969,3.9536483811169134,0.3367949695121951,0.2,1813,0.06036998140739232,0.7599389553070068,0.0003,0.026069503277540207,0.010908874081129708,0.035608098
2359296,144,926.1180224100001,263,8940,935.71,0.17480875551700592,3.9503007675336157,0.38554828519855594,0.2,1818,0.04329072064736905,0.6983875036239624,0.0003,0.011145686730742455,-0.005126507287939157,0.034418635
2375680,145,927.6963654400001,265,8938,932.22,0.1749754697084427,3.9542088891778673,0.36839076450892855,0.2,1822,0.04989669530186802,0.6816093921661377,0.0003,0.025948774069547653,-0.003851000811014923,0.034698077
2392064,146,903.6076944899999,267,8937,921.82,0.17513185739517212,3.9365611116091412,0.37626953125,0.2,1826,0.03988885073922575,0.8094567060470581,0.0003,0.016760000959038734,-0.0037719932093750685,0.03574467
2408448,147,921.0398987199999,269,8939,913.54,0.1751421093940735,3.9382045053773456,0.3737521701388889,0.2,1829,0.0900577442565312,0.5781514644622803,0.0003,0.003389071673154831,0.005607238524438192,0.035269283
2424832,148,930.6894807299999,271,8946,914.7,0.1750807762145996,3.9359356940738737,0.31882440476190477,0.2,1830,0.03729699011005107,0.789177417755127,0.0003,0.03242967277765274,0.015601717652605167,0.025177032
2441216,149,954.2315005600001,272,8950,920.52,0.17525793612003326,3.93472982029761,0.3487588205645161,0.2,1832,0.04219933430994711,0.7895408272743225,0.0003,0.052797578275203705,0.006509436677480417,0.031094866
2457600,150,943.8159185,274,8955,914.13,0.1750449538230896,3.9340338936771255,0.3241246234939759,0.2,1834,0.037296680868210565,0.7503464221954346,0.0003,0.031117374077439308,0.008191758289888322,0.03193229
2473984,151,952.99748782,276,8954,922.51,0.17520254850387573,3.931916910669078,0.35030570652173915,0.2,1838,0.045702436938881874,0.8173184990882874,0.0003,0.01577785052359104,-0.003861913508128213,0.03328127
2490368,152,949.4167238499999,278,8953,919.15,0.17552419006824493,3.9174136313622308,0.3652606502242152,0.2,1842,0.045632665158320436,0.8112130165100098,0.0003,0.012117452919483185,-0.004526573174837726,0.033535093
2506752,153,894.0601586400002,279,8959,881.81,0.1755606085062027,3.905066523058661,0.31849407327586204,0.2,1843,0.07212626471601684,0.8133172988891602,0.0003,0.10495129972696304,0.014345573124893266,0.024112249
2523136,154,854.3478915100001,281,8960,852.83,0.17576086521148682,3.8966100556509837,0.3779910714285714,0.2,1846,0.06606893043432917,0.8416680097579956,0.0003,0.049746349453926086,0.0015014068689197303,0.032815684
2539520,155,826.1715542500001,283,8961,841.83,0.17587478458881378,3.885402492114476,0.36566363324175827,0.2,1849,0.06682745142133681,0.8426588177680969,0.0003,0.024096710607409477,-0.0026070877505404936,0.0327797
2555904,156,806.7955516900001,285,8965,826.23,0.17584669589996338,3.8838374099215947,0.34051238738738737,0.2,1851,0.11841692124401126,0.7504679560661316,0.0003,0.05692770332098007,0.004581332374531943,0.030969782
2572288,157,803.3334013900001,286,8973,807.08,0.17598356306552887,3.8824515091745475,0.2943050986842105,0.2,1852,0.06606637461012915,0.7712421417236328,0.0003,0.05454108491539955,0.011443098994756215,0.022090135
2588672,158,806.61796986,288,8972,823.47,0.17570865154266357,3.8917549701586163,0.3797267408675799,0.2,1856,0.08376668470158968,0.7676404714584351,0.0003,0.01747625321149826,-0.003530693157537751,0.03672709
2605056,159,838.5277837099999,290,8979,853.37,0.175760880112648,3.8954230354678248,0.25642641129032256,0.2,1857,0.12330797434814515,0.6863747835159302,0.0003,0.12155469506978989,0.009899111104107673,0.019654157
2621440,160,847.8774048399999,291,8978,853.15,0.1758044958114624,3.888124417849365,0.3774979881974249,0.2,1861,0.054348254096674306,0.7845088243484497,0.0003,0.01246790960431099,-0.0064297350675123445,0.03622466
2637824,161,846.2566279299998,293,8973,854.81,0.175881490111351,3.880828881172385,0.379744372605364,0.2,1866,0.0636391608879484,0.7707530856132507,0.0003,-0.002168934792280197,-0.00516191218583577,0.039263956
2654208,162,875.84455336,295,8973,874.45,0.17605233192443848,3.87899888399485,0.3578758445945946,0.2,1869,0.05417261423694121,0.8449932336807251,0.0003,0.02848963253200054,-0.001803543441299651,0.031462096
2670592,163,857.0778538700001,297,8976,878.95,0.1760881394147873,3.871640856303866,0.35627480158730157,0.2,1871,0.045974158075830295,0.8081687688827515,0.0003,0.03634035959839821,0.005229279846100817,0.030586679
2686976,164,809.57482316,299,8971,827.25,0.17632873356342316,3.8649771882362494,0.382167904290429,0.2,1876,0.13759112259735762,0.6113502979278564,0.0003,0.05863535404205322,-0.008600377961808797,0.036804203
2703360,165,782.0596590399999,301,8975,794.21,0.17630784213542938,3.8554875539696734,0.3129528985507246,0.2,1878,0.06141604024215021,0.8430096507072449,0.0003,0.037120990455150604,0.011247094626120035,0.032737218
2719744,166,785.4438228100001,303,8975,804.92,0.1765262633562088,3.855816179579431,0.35643458104395603,0.2,1881,0.08247192607230537,0.8383283019065857,0.0003,0.024526871740818024,-0.0004907563113822386,0.03233902
2736128,167,735.8963848799998,304,8973,775.57,0.1765071600675583,3.84220188124138,0.3823156524122807,0.2,1885,0.05925689802684805,0.7657853364944458,0.0003,0.00689953938126564,-0.003574563628430233,0.03472664
2752512,168,733.5496523099999,306,8973,771.95,0.17685271799564362,3.836496565626075,0.3663171955958549,0.2,1889,0.09572286282333067,0.7896450757980347,0.0003,0.021905750036239624,-0.0005647473066195922,0.047433525
2768896,169,761.2924195500001,308,8972,810.95,0.17696601152420044,3.826375966848329,0.36402616279069766,0.2,1893,0.10544025495994923,0.7291570901870728,0.0003,0.02487856335937977,-9.817069309741952e-05,0.036899704
2785280,170,732.0079624600002,310,8972,837.47,0.17733120918273926,3.811006619668132,0.37111420157068065,0.2,1896,0.10350549105964406,0.6105623245239258,0.0003,0.03765038400888443,5.253134734187451e-05,0.03241406
2801664,171,726.3021808900002,312,8976,830.81,0.17727260291576385,3.7995929433665143,0.3469753440366973,0.2,1898,0.204785882401357,0.6197111010551453,0.0003,0.0812150239944458,0.00888515102736857,0.030936336
2818048,172,753.14500559,314,8974,846.11,0.17695607244968414,3.812306958411816,0.364632779535865,0.2,1902,0.0588345529063593,0.7706649303436279,0.0003,0.01788240671157837,-0.006033763393586824,0.033064473
2834432,173,764.2069453800001,315,8975,823.3,0.1770368367433548,3.819069113647729,0.337890625,0.2,1904,0.05715538306455863,0.8183576464653015,0.0003,0.014094922691583633,0.0032017893166068874,0.029551176
2850816,174,779.86800493,317,8979,806.74,0.17701129615306854,3.817079236574262,0.35013872663551404,0.2,1906,0.07690264082679124,0.8237463235855103,0.0003,0.038827426731586456,0.006968836913703479,0.030638495
2867200,175,816.0365785300002,319,8978,786.5,0.17733429372310638,3.806876681067727,0.38594088203463206,0.2,1910,0.04508824697272344,0.8318343758583069,0.0003,0.003508247435092926,-0.0053499859769816525,0.03604313
2883584,176,836.8418362299999,320,8983,791.75,0.1771693378686905,3.803105239868164,0.33671875,0.2,1911,0.05792661353945732,0.8493170738220215,0.0003,0.044555917382240295,0.014133335463702679,0.026067223
2899968,177,813.2464507799999,322,8981,790.67,0.17717786133289337,3.8105261811670266,0.37889150943396227,0.2,1916,0.05666105104786045,0.8209065794944763,0.0003,0.0038724467158317566,-0.006199589445044831,0.036119655
2916352,178,862.20535091,324,8981,836.92,0.17763102054595947,3.793512360994206,0.37365552325581397,0.2,1920,0.10716249034848324,0.696139931678772,0.0003,0.030627066269516945,-0.0030605066199462082,0.034155358
2932736,179,857.16944544,326,8980,825.72,0.1778765469789505,3.7740297377711594,0.37109375,0.2,1924,0.05718381614471325,0.7869182229042053,0.0003,-0.0014319270849227905,-0.0013613618211820722,0.041433256
2949120,180,862.18147252,328,8987,845.08,0.17786617577075958,3.766743060314294,0.2940340909090909,0.2,1925,0.056975502633687225,0.8549845218658447,0.0003,0.044765159487724304,0.012213870078663935,0.023077058
2965504,181,859.5823980099999,329,8986,859.35,0.178071066737175,3.7562095871511496,0.3701908903301887,0.2,1929,0.07326462128603796,0.80625319480896,0.0003,-0.008578609675168991,-0.0023403401785301713,0.03352669
2981888,182,891.3506824000001,331,8989,868.31,0.17812858521938324,3.7499133307358314,0.3832502693965517,0.2,1931,0.09144638787055838,0.7049834728240967,0.0003,0.05728611722588539,0.005490703353706491,0.03539625
2998272,183,911.6812315699999,333,8991,883.22,0.17865954339504242,3.7288919318289984,0.3614908854166667,0.2,1934,0.04668474233975368,0.8128330707550049,0.0003,0.018221169710159302,0.0003124559187285957,0.03304697
3014656,184,859.3841956600002,335,8989,858.91,0.17872680723667145,3.707011173256731,0.36348866150442477,0.2,1938,0.05174627525122028,0.7905746698379517,0.0003,0.009464389644563198,-0.0020265222199475474,0.032381114
3031040,185,822.66396649,337,8990,837.13,0.17869316041469574,3.70430025100708,0.3679017857142857,0.2,1941,0.06832572006753512,0.7882001399993896,0.0003,0.02187347039580345,-0.0016151160906468119,0.031310875
3047424,186,765.33585768,338,8992,827.57,0.17878782749176025,3.7016005610788105,0.3703176738410596,0.2,1944,0.1313066247677961,0.7342271208763123,0.0003,0.03855843469500542,0.0029758477864157877,0.03300857
3063808,187,725.65951618,340,8991,781.65,0.1786314696073532,3.7083703301571034,0.37604890046296297,0.2,1948,0.16885857280619718,0.6720319986343384,0.0003,0.06487848609685898,-0.004382816149801429,0.039801612
3080192,188,698.8534478299998,342,8994,744.91,0.1785018891096115,3.7118747687675584,0.3566791373239437,0.2,1951,0.07058298107708844,0.81004798412323,0.0003,0.012465782463550568,0.0003965920473540753,0.032075264
3096576,189,681.2870599,344,8999,739.55,0.17844200134277344,3.7189290593652164,0.3351907169117647,0.2,1953,0.07595629765487769,0.8539025783538818,0.0003,0.04661840572953224,0.014531242887160796,0.04129148
3112960,190,730.67685304,345,9000,734.07,0.17879413068294525,3.71452427857759,0.34858754139072845,0.2,1956,0.10725760854632649,0.7965151071548462,0.0003,0.031484898179769516,0.0013609098575836577,0.03169159
3129344,191,703.3582976399999,347,9003,722.54,0.1789621114730835,3.689296351761377,0.3394498424369748,0.2,1958,0.08178061165479052,0.8397113084793091,0.0003,0.05376225337386131,0.0017375327752386573,0.031711876
3145728,192,694.1154965300001,349,9008,721.11,0.179025337100029,3.6843934725312626,0.32852711397058826,0.2,1960,0.08960191757582567,0.8201669454574585,0.0003,0.049070924520492554,0.015367205610827488,0.035499327
3162112,193,685.1584190699999,351,9006,715.31,0.17956067621707916,3.6652574194238543,0.3745511968085106,0.2,1964,0.077883029364525,0.8071361184120178,0.0003,0.03344305604696274,-0.003670759196888576,0.035521545
3178496,194,647.5859032799999,352,9005,670.38,0.17939393222332,3.654180298024173,0.3707932692307692,0.2,1968,0.08913963058820137,0.8376060724258423,0.0003,0.023867292329669,-0.004052448480461652,0.035627957
3194880,195,624.84815301,354,9004,653.59,0.17934472858905792,3.6649325675434534,0.36258680555555556,0.2,1971,0.10224871933460236,0.8322341442108154,0.0003,0.04686281085014343,-0.0003133414934078852,0.033915192
3211264,196,620.7384181000001,356,9000,653.27,0.17924416065216064,3.6738055921517887,0.38914763621794873,0.2,1976,0.09347589759347148,0.822783887386322,0.0003,0.036111824214458466,-0.00812100056403627,0.036311302
3227648,197,616.1916698999999,358,9003,660.69,0.17937071621418,3.666423366704118,0.35202838302752293,0.2,1978,0.11259381712303249,0.7762235403060913,0.0003,0.051456816494464874,0.007415149258364231,0.030389491
3244032,198,645.42212946,360,9003,687.73,0.17953188717365265,3.6538239830699046,0.3663582402234637,0.2,1981,0.09420710456604398,0.801066517829895,0.0003,0.025861945003271103,-0.0003217206799617693,0.03235639
3260416,199,656.8866311300001,362,9005,694.6,0.17990504205226898,3.635175590161924,0.35575810185185186,0.2,1984,0.07766328959001435,0.8088258504867554,0.0003,0.01391608640551567,0.0001891643099233876,0.03172674
3276800,200,652.6895342400001,363,9010,681.55,0.1800205558538437,3.6188111614297935,0.3053385416666667,0.2,1985,0.08213035658829743,0.8315906524658203,0.0003,0.12272006273269653,0.013310236226836289,0.023092322
3293184,201,648.3951929899999,365,9009,665.43,0.1805056929588318,3.598691627160827,0.36866449004975127,0.2,1989,0.08837516107295283,0.808042585849762,0.0003,0.03451760113239288,-0.002548033149162335,0.036589425
3309568,202,692.0225461,367,9010,702.03,0.18079774081707,3.5779700017388847,0.3737581286127168,0.2,1992,0.056517849121824164,0.8421211838722229,0.0003,0.01352002751082182,-0.0007445682863021172,0.03187235
3325952,203,663.4946357900001,369,9011,682.84,0.1806952804327011,3.569715668988782,0.3660519622093023,0.2,1995,0.08407440463210954,0.8185253739356995,0.0003,0.05470765009522438,0.0027186061109437847,0.03492953
3342336,204,689.8312751999998,370,9009,716.71,0.18080121278762817,3.570811667765279,0.37747447709163345,0.2,1999,0.08869876092173663,0.8200892806053162,0.0003,0.030349664390087128,-0.005835296708600692,0.03370502
3358720,205,687.99314535,372,9014,712.87,0.1808234006166458,3.56508525501598,0.32890625,0.2,2000,0.09520017545331608,0.7770708799362183,0.0003,0.06061353161931038,0.012735665691169825,0.024945745
3375104,206,648.21278732,374,9015,686.92,0.1807945966720581,3.56235562771866,0.3674089884020619,0.2,2004,0.0684137603402445,0.8445397615432739,0.0003,0.013741111382842064,-0.0003311799493493493,0.04369074
3391488,207,669.0976512299999,376,9010,688.04,0.1810501217842102,3.556457353071733,0.37869318181818185,0.2,2009,0.09114047677679496,0.8289844989776611,0.0003,0.024982688948512077,-0.007266140143302354,0.03660265
3407872,208,676.34210333,378,9012,686.54,0.18142467737197876,3.531909293942637,0.3666294642857143,0.2,2012,0.0787262117320841,0.8738067746162415,0.0003,0.0298504289239645,-0.00023981547527402252,0.035124395
3424256,209,716.8355531699999,379,9014,723.0,0.18145404756069183,3.5231102171228894,0.3538654384328358,0.2,2015,0.07378814258237383,0.8155769109725952,0.0003,0.03751414269208908,0.005009084015584259,0.039109264
3440640,210,738.63931938,381,9019,729.91,0.18137572705745697,3.5260450184345244,0.31142578125,0.2,2016,0.09475859701633453,0.7893659472465515,0.0003,0.06448419392108917,0.01162096724146977,0.02405753
3457024,211,737.1275125199999,383,9024,738.65,0.181387260556221,3.5294649775435283,0.3048780487804878,0.2,2017,0.07835078312129509,0.860604465007782,0.0003,0.09587279707193375,0.010861111645836656,0.02246392
3473408,212,758.8158991299999,384,9025,762.61,0.1817939430475235,3.5129076229052596,0.3731346558988764,0.2,2020,0.1081259697047847,0.7220056056976318,0.0003,0.03499573469161987,0.0011136376513482145,0.034476373
3489792,213,734.13867769,386,9028,737.23,0.1818970888853073,3.494675840650286,0.34970238095238093,0.2,2022,0.07912504792745624,0.8283674716949463,0.0003,0.02533583715558052,0.01008261330536611,0.034127805
3506176,214,662.64984194,388,9026,703.65,0.18194043636322021,3.49556570613023,0.3839962121212121,0.2,2027,0.06733789021205722,0.8495627045631409,0.0003,0.008407661691308022,-0.006599942918083715,0.03965114
3522560,215,662.7073878900001,390,9030,694.94,0.18211312592029572,3.486841710174785,0.3349609375,0.2,2029,0.12430826936136274,0.8275790214538574,0.0003,0.06238147243857384,0.013338804758592126,0.03969401
3538944,216,638.37173789,391,9029,699.74,0.1821998953819275,3.4788409305655437,0.3732336956521739,0.2,2033,0.11457102933655615,0.8077720999717712,0.0003,0.03508854657411575,-0.005248215154785177,0.033098668
3555328,217,627.35301992,393,9032,707.66,0.18222568929195404,3.475979193292483,0.31502525252525254,0.2,2035,0.10183319249990011,0.797676146030426,0.0003,0.0643271803855896,0.005633432883769274,0.030016307
3571712,218,610.4376247,395,9034,709.54,0.18228407204151154,3.4700168073177338,0.34185791015625,0.2,2037,0.1306658546673134,0.7888275384902954,0.0003,0.04441079497337341,0.004408556504131411,0.031875215
3588096,219,662.11907038,396,9038,731.48,0.18234282732009888,3.4658998020908287,0.3235334429824561,0.2,2038,0.11554503388572157,0.80592942237854,0.0003,0.07858967036008835,0.017112947420396825,0.02551629
3604480,220,645.8746097200001,398,9040,737.23,0.18264101445674896,3.456260220872031,0.3709038628472222,0.2,2041,0.13049744623195794,0.7154884338378906,0.0003,0.047620899975299835,0.0006343517565659971,0.03506369
3620864,221,663.6023281,400,9045,752.01,0.18271152675151825,3.4428415813961544,0.27322635135135137,0.2,2042,0.15215736305391467,0.7327868342399597,0.0003,0.08579850941896439,0.01042055621793544,0.02053513
3637248,222,697.99857789,401,9047,762.86,0.1827409267425537,3.4406809782495302,0.35136320153061223,0.2,2044,0.08000981047445414,0.8109309673309326,0.0003,0.028978396207094193,0.008428028879725203,0.029083591
3653632,223,720.930339,403,9050,779.07,0.18292181193828583,3.4339271215634923,0.3754380841121495,0.2,2046,0.06883067453158236,0.8441972732543945,0.0003,0.0415799543261528,0.007509616965201692,0.034595877
3670016,224,657.30676662,405,9055,723.59,0.1829538345336914,3.4263227374054663,0.28333938953488375,0.2,2047,0.08929811677960463,0.801581621170044,0.0003,0.1059398502111435,0.012530407670690396,0.0214373
3686400,225,635.5209000000001,407,9056,671.17,0.18288178741931915,3.4316261454716623,0.3577233640939597,0.2,2050,0.11450109755832877,0.7963912487030029,0.0003,0.08406288921833038,0.002189722237170943,0.034006298
3702784,226,568.9316271000001,408,9056,641.93,0.18299861252307892,3.426187309295095,0.3744887107329843,0.2,2053,0.07207583920805866,0.8577589392662048,0.0003,0.02726059779524803,-0.0007128766981680044,0.03305739
3719168,227,549.80806149,410,9053,639.81,0.18311476707458496,3.422600849413536,0.3718502420774648,0.2,2058,0.15725856631154744,0.7412883043289185,0.0003,0.03690814971923828,-0.008427159441798978,0.03623086
3735552,228,604.3604043,412,9052,661.83,0.18286766111850739,3.4233666853658082,0.3681977370689655,0.2,2062,0.08811164164016473,0.8121206760406494,0.0003,0.019298207014799118,-0.004520469364220405,0.034010783
3751936,229,605.8442808699999,414,9054,684.85,0.18290622532367706,3.4274837220156633,0.35738570601851855,0.2,2064,0.07293833302402938,0.8335908651351929,0.0003,0.04008755087852478,0.0052108412125596295,0.03242223
3768320,230,625.39775288,416,9055,683.06,0.1826476901769638,3.4308837705583715,0.34885144589552236,0.2,2067,0.10953452577119444,0.825725793838501,0.0003,0.01643165946006775,0.0033387763481309164,0.033054102
3784704,231,627.02387103,417,9054,652.81,0.18285857141017914,3.4374697788341626,0.37656601914414417,0.2,2071,0.0836880971753114,0.82841557264328,0.0003,0.0018026866018772125,-0.0034925957233435264,0.036292356
3801088,232,619.61699148,419,9055,644.63,0.18289180099964142,3.4261012273830374,0.37515024038461536,0.2,2074,0.09445372451055836,0.8090500831604004,0.0003,0.0603615865111351,-0.0006403557797586853,0.03183519
3817472,233,597.2357570500001,421,9058,624.54,0.18290197849273682,3.4241973677677895,0.30439598880597013,0.2,2076,0.072792375210061,0.8343981504440308,0.0003,0.03413934260606766,0.012060782475980804,0.04316628
3833856,234,627.8124328800001,423,9060,653.62,0.18281109631061554,3.4228630867497674,0.34533270474137934,0.2,2078,0.12268076310383863,0.808688223361969,0.0003,0.12105442583560944,0.006823029662161295,0.031445045
3850240,235,686.43665095,424,9062,703.98,0.18285183608531952,3.42787516774155,0.3474717027559055,0.2,2080,0.0747567243932739,0.8121923804283142,0.0003,0.05089405179023743,0.004697844661097592,0.029332712
3866624,236,692.59026627,426,9064,715.13,0.18314404785633087,3.416694339583902,0.35340073529411764,0.2,2083,0.06905551490319126,0.8100320100784302,0.0003,0.030981149524450302,0.0015638687250697438,0.036244757
3883008,237,708.0284884899999,428,9068,739.57,0.18318067491054535,3.405515821356522,0.27425986842105265,0.2,2084,0.05846349424437473,0.8386608958244324,0.0003,0.07293899357318878,0.011410633469686696,0.020160032
3899392,238,723.34645621,429,9068,770.14,0.18356864154338837,3.3895342103366195,0.38058035714285715,0.2,2088,0.06500046035926331,0.8264868259429932,0.0003,0.017459463328123093,-0.0018194129190458159,0.03621821
3915776,239,699.6083334299998,431,9068,744.38,0.18355311453342438,3.3783877008248373,0.3517670157068063,0.2,2091,0.13147391304763825,0.6821304559707642,0.0003,0.06330282986164093,-0.0005877746088693591,0.030301685
3932160,240,679.14575256,433,9066,730.57,0.18375670909881592,3.3696700584988633,0.37385110294117646,0.2,2095,0.07899594463470604,0.8408549427986145,0.0003,0.030620208010077477,-0.005480505647372548,0.035635874
3948544,241,654.6036688,435,9065,717.99,0.18354642391204834,3.373090894057833,0.3719861260775862,0.2,2099,0.07735768826036103,0.835663914680481,0.0003,0.05028354376554489,-0.005823769712025814,0.03365487
3964928,242,673.6333387999999,437,9066,707.87,0.18372707068920135,3.3750962891748975,0.35658482142857145,0.2,2101,0.0995214046644313,0.7853507995605469,0.0003,0.06576690077781677,0.005588180023810959,0.030366048
3981312,243,673.7348428800002,438,9069,704.05,0.1838596612215042,3.364420644023962,0.32308799342105265,0.2,2103,0.07272625165550332,0.848888635635376,0.0003,0.03783202916383743,0.003268477829630699,0.028908662
3997696,244,686.0627072300001,440,9069,713.92,0.18351495265960693,3.3687453557705056,0.34431124281609193,0.2,2106,0.09044188734186792,0.7926561832427979,0.0003,0.06876472383737564,0.0004919297904868064,0.030234272
4014080,245,709.90340618,442,9069,712.79,0.1835992932319641,3.3813546050194256,0.363215782122905,0.2,2109,0.0662026762462861,0.8490705490112305,0.0003,0.028387226164340973,-0.002321513460730541,0.03482093
4030464,246,691.3651099200001,444,9070,706.55,0.18354183435440063,3.3745801882310347,0.37126086229946526,0.2,2112,0.07818356138419978,0.8027878403663635,0.0003,0.0440315380692482,-0.0012795903239359353,0.033222374
4046848,247,695.11051791,446,9070,701.35,0.1835331916809082,3.3781853914260864,0.38665574596774194,0.2,2115,0.07158730789938922,0.7953546643257141,0.0003,0.026217471808195114,0.0008885478363021888,0.035153043
4063232,248,705.1478744300001,448,9068,712.16,0.18352441489696503,3.3755231039565907,0.37765556469298245,0.2,2119,0.06365810224394265,0.8462302684783936,0.0003,0.028222136199474335,-0.005582291988263789,0.035297826
4079616,249,715.00065785,449,9069,716.43,0.18328110873699188,3.384099253901729,0.35648148148148145,0.2,2122,0.08239472944887331,0.8310081958770752,0.0003,0.0313885323703289,0.0010910266651024605,0.03373324
4096000,250,678.6078242000002,451,9070,684.78,0.183446004986763,3.3887948164573083,0.36308092948717946,0.2,2125,0.05495339384875619,0.8759671449661255,0.0003,0.009557804092764854,-2.196100421058826e-07,0.036388915
4112384,251,679.4936325100002,453,9072,696.81,0.1831788569688797,3.3921224978543068,0.3545300387596899,0.2,2128,0.08919069335557693,0.8550086617469788,0.0003,0.02379266545176506,0.005876200042607248,0.051448636
4128768,252,684.4997067200001,455,9068,693.44,0.18319840729236603,3.3979692031752387,0.3754299331761006,0.2,2133,0.07325696485972255,0.8168603777885437,0.0003,0.0018662642687559128,-0.008091532634044031,0.034896463
4145152,253,735.42150095,457,9067,729.76,0.1836155205965042,3.3827299804222295,0.3737995426829268,0.2,2137,0.07522336500810414,0.8322299718856812,0.0003,-0.0006078667938709259,-0.005291144315880247,0.03732083
4161536,254,748.5766661,458,9066,750.38,0.18344712257385254,3.373619708777463,0.3787441649377593,0.2,2141,0.0610879505076349,0.7993011474609375,0.0003,0.01310671865940094,-0.005168733063358737,0.033613548
4177920,255,760.4030471000001,460,9068,762.34,0.18351443111896515,3.377958109212476,0.3530765503875969,0.2,2144,0.06285595382715381,0.8274246454238892,0.0003,0.009685812518000603,0.004622993525117636,0.046221998
4194304,256,783.85055171,462,9064,763.65,0.183602973818779,3.367888007120521,0.375,0.2,2150,0.07992527824133,0.831714928150177,0.0003,0.007549218833446503,-0.008955435442036204,0.039363213
4210688,257,769.6694805299999,464,9066,780.57,0.18363021314144135,3.3667615616499487,0.35648903917910446,0.2,2153,0.05696779485347111,0.8492423295974731,0.0003,0.028256870806217194,0.00481083962385223,0.038188457
4227072,258,763.4960206200002,466,9067,773.39,0.18378184735774994,3.3629644739944324,0.37095547566371684,0.2,2155,0.1699397779539623,0.6953257322311401,0.0003,0.1370820254087448,0.003704077930939672,0.03448312
4243456,259,775.23855721,467,9070,781.25,0.1839030534029007,3.3515217381138958,0.3267809139784946,0.2,2157,0.06679521112512517,0.8171190619468689,0.0003,0.02409185841679573,0.00716839605061117,0.03201591
4259840,260,773.6886738200001,469,9069,797.82,0.18424303829669952,3.33207040907366,0.37577198616600793,0.2,2161,0.0770453348049062,0.847278892993927,0.0003,0.005187757313251495,-0.006509262107666066,0.03582499
4276224,261,762.32159378,471,9067,794.43,0.1844157576560974,3.321533043133585,0.38366913377192985,0.2,2165,0.11521934119886473,0.6814565658569336,0.0003,0.035817429423332214,-0.005218215736054015,0.03587662
4292608,262,759.9257781000001,473,9068,770.22,0.18457257747650146,3.3108922340585,0.36384630503144655,0.2,2168,0.07183802162982383,0.808884859085083,0.0003,0.020522944629192352,-0.000448489535318793,0.033230547
4308992,263,736.5815508299997,475,9069,753.35,0.18458367884159088,3.304974825758683,0.34070038377192985,0.2,2170,0.061048847770220356,0.8508504629135132,0.0003,0.03319600969552994,0.006507954788966137,0.032866534
4325376,264,722.5778894799998,476,9070,728.51,0.1849089115858078,3.2945491444896646,0.34317231514084506,0.2,2173,0.07869568750472136,0.8270773887634277,0.0003,0.01419830322265625,0.0016619292691245045,0.03417034
4341760,265,699.6004656400002,478,9071,711.96,0.185169517993927,3.273893566198752,0.36837037852112675,0.2,2176,0.07516192012584545,0.8464043736457825,0.0003,0.016924552619457245,0.0009617915222893508,0.038796637
4358144,266,699.1949485700003,480,9073,723.94,0.18524117767810822,3.266859487722848,0.3514730438931298,0.2,2179,0.11432589240770304,0.8247165679931641,0.0003,0.02487030252814293,0.00416089593653233,0.043523565
4374528,267,719.9271699,482,9071,744.69,0.18563593924045563,3.247665836222501,0.36552039748953974,0.2,2183,0.08686492456489527,0.7839176654815674,0.0003,0.044166453182697296,-0.0068617262293011825,0.034379255
4390912,268,706.91071613,484,9072,742.31,0.18580806255340576,3.2328295064350914,0.3654927248677249,0.2,2186,0.06409474980657694,0.8338444232940674,0.0003,0.022378837689757347,-0.0011483317280493717,0.031342488
4407296,269,722.5201070800001,485,9070,746.28,0.18598181009292603,3.222817350947668,0.38101438492063494,0.2,2190,0.06472864015293973,0.8177241683006287,0.0003,0.045664653182029724,-0.003431204425555373,0.03327712
4423680,270,688.57171618,487,9074,707.9,0.18580102920532227,3.2168093807292433,0.2883991745283019,0.2,2191,0.06920653518359617,0.7987681031227112,0.0003,0.08776736259460449,0.012103091266427963,0.02144499
4440064,271,723.2987212700001,489,9074,735.38,0.1858152151107788,3.2302445432993285,0.3631721368715084,0.2,2194,0.07338026455244538,0.8545472025871277,0.0003,0.05666420981287956,0.0008795477330226805,0.033096403
4456448,272,689.67656078,491,9070,697.02,0.18589723110198975,3.222817378784345,0.3822625225631769,0.2,2199,0.06380306958937043,0.7673889398574829,0.0003,-0.0030556190758943558,-0.00751860023371956,0.035509128
4472832,273,683.8394920200001,493,9069,685.37,0.1862463355064392,3.2061740098328424,0.37888941271551724,0.2,2203,0.06068972639482597,0.8677178025245667,0.0003,-0.008806070312857628,-0.006069381853790376,0.035239063
4489216,274,700.4758290499999,494,9070,712.49,0.186077281832695,3.1998639075379622,0.3661338404605263,0.2,2206,0.06906516254438382,0.8244736194610596,0.0003,0.04363285377621651,0.0025267213166348243,0.038363222
4505600,275,682.27987565,496,9072,686.95,0.18600045144557953,3.2087822657365064,0.321875,0.2,2208,0.09007505682798532,0.7897228002548218,0.0003,0.02409997209906578,0.014368167148831372,0.045032497
4521984,276,648.67602595,498,9076,679.17,0.1860075742006302,3.214235305786133,0.27957589285714285,0.2,2209,0.08911063397924106,0.8143692016601562,0.0003,0.059709157794713974,0.012235280375794641,0.022035543
4538368,277,694.6014396900001,499,9077,718.04,0.18593637645244598,3.2169725522927357,0.3477947695035461,0.2,2212,0.10968544276048106,0.7891102433204651,0.0003,0.027677223086357117,-0.00045383210683651006,0.03118423
4554752,278,703.51911328,501,9079,734.81,0.1861148625612259,3.2122323208666863,0.34283577127659576,0.2,2214,0.051606898196041584,0.8259401321411133,0.0003,0.01112535409629345,0.004734108660449373,0.030156812
4571136,279,673.4549318799999,503,9077,735.72,0.1858310103416443,3.220313982452665,0.3786551339285714,0.2,2219,0.0773972701148263,0.8023831248283386,0.0003,0.0206636693328619,-0.0063227195799949445,0.03581718
4587520,280,699.4582845,505,9076,757.22,0.1856805682182312,3.228612679355549,0.3693248820754717,0.2,2223,0.11176157326279383,0.7735432386398315,0.0003,0.025429463014006615,-0.0034237136704109187,0.035290904
4603904,281,723.2030320199998,507,9072,769.02,0.18547244369983673,3.237747225475612,0.37693464116719244,0.2,2228,0.06625618074641619,0.8273743987083435,0.0003,0.004429887980222702,-0.010590183615467102,0.033931926
4620288,282,663.6990725999999,509,9074,715.56,0.18577831983566284,3.237051798918537,0.3552132009345794,0.2,2230,0.07259810670653236,0.7950655817985535,0.0003,0.03915327787399292,0.005602898641933348,0.031405516
4636672,283,702.5548557799999,511,9073,747.61,0.18635503947734833,3.2030788744528462,0.37826033464566927,0.2,2234,0.08204320621654743,0.8364371061325073,0.0003,0.013024801388382912,-0.005827128515014146,0.034202624
4653056,284,715.64347701,512,9074,738.23,0.1864631175994873,3.185270611316927,0.3512474798387097,0.2,2236,0.092410919376679,0.741324782371521,0.0003,0.058856964111328125,0.004842965773517086,0.030680122
4669440,285,700.3737631800001,514,9074,722.22,0.1862947940826416,3.184994184476439,0.3737579205069124,0.2,2240,0.05413546648374351,0.8265931606292725,0.0003,0.0034571662545204163,-0.0025449293850135692,0.037102055
4685824,286,709.40697554,516,9076,751.05,0.1863020658493042,3.1856612825393675,0.3275390625,0.2,2242,0.08149350192397833,0.7686967849731445,0.0003,0.02874053828418255,0.005398084355983883,0.031564217
4702208,287,735.3132388099999,518,9077,775.02,0.18638820946216583,3.183109384264265,0.38035714285714284,0.2,2245,0.10125620584402766,0.7642641663551331,0.0003,0.05896591395139694,-0.0032822041852133615,0.034479957
4718592,288,729.2179592300001,519,9075,760.7,0.18618547916412354,3.1852403594897343,0.37127403846153845,0.2,2250,0.04951928828198176,0.7821615934371948,0.0003,0.03818180412054062,-0.006103579889839658,0.043710984
4734976,289,703.25246722,521,9077,772.5,0.1859603375196457,3.201777822494507,0.3479375,0.2,2252,0.07156364163756371,0.8288949131965637,0.0003,0.03941549360752106,0.004046397930011153,0.030770881
4751360,290,719.2242379500001,523,9073,775.69,0.18604131042957306,3.2093872271832966,0.3693731398809524,0.2,2258,0.07923345866480044,0.7309840321540833,0.0003,-0.0004642792046070099,-0.009907322447231439,0.036593415
4767744,291,703.25461895,525,9074,772.08,0.18627922236919403,3.2009649304137833,0.3526176364942529,0.2,2261,0.05630671705022968,0.8073542714118958,0.0003,0.019612394273281097,0.0008036174728460182,0.03207438
4784128,292,671.0281239400001,527,9073,760.12,0.18639731407165527,3.189326061415918,0.3731676868556701,0.2,2265,0.091625481939961,0.7959035038948059,0.0003,0.022022387012839317,-0.0010063238249918849,0.041294567
4800512,293,678.5047898599998,529,9071,778.34,0.1864621490240097,3.185117066361522,0.375775286259542,0.2,2270,0.08834369209033387,0.7688983082771301,0.0003,0.002264551818370819,-0.006655094276879068,0.040338863
4816896,294,687.3591264499998,531,9068,768.65,0.18657825887203217,3.1769259870052338,0.37534536966463417,0.2,2276,0.07209830694809193,0.7727475166320801,0.0003,-0.006690148264169693,-0.011191966988873191,0.03597749
4833280,295,689.3837634800001,532,9068,760.28,0.18705379962921143,3.159832792387483,0.36647531077348067,0.2,2279,0.06704961018667695,0.8267502784729004,0.0003,0.022243700921535492,-0.0013137288090582545,0.033011146
4849664,296,711.6478202,534,9067,768.52,0.18733753263950348,3.1376576511948198,0.36239252645502645,0.2,2282,0.05817882681176776,0.8014384508132935,0.0003,0.015001185238361359,-4.104759898923692e-05,0.03252472
4866048,297,691.3445474100001,536,9065,740.86,0.1873263120651245,3.1306055467340013,0.360215585443038,0.2,2286,0.07112008966662713,0.7988994121551514,0.0003,0.020208213478326797,-0.0056696680319428695,0.033935107
4882432,298,688.47599755,538,9066,746.98,0.18729503452777863,3.1290682913765075,0.3467468584656085,0.2,2289,0.0824072325316371,0.7605482935905457,0.0003,0.0189230814576149,-0.0024261489416911174,0.031154385
4898816,299,678.1958061100001,540,9066,762.89,0.1874908208847046,3.126142643918895,0.3467684659090909,0.2,2293,0.09060556597706645,0.7221829891204834,0.0003,0.005485035479068756,-0.001413178498471024,0.036583655
4915200,300,644.1552944499999,542,9066,743.21,0.18745838105678558,3.12095841289272,0.34682414940828404,0.2,2296,0.06964180292286111,0.8034236431121826,0.0003,0.01265469565987587,-0.00248665760199611,0.033474807
4931584,301,660.76211255,544,9065,770.15,0.18734724819660187,3.1282633593102465,0.36300223214285715,0.2,2300,0.08238851725115996,0.781401515007019,0.0003,0.06155107170343399,-0.003237140372771175,0.034568775
4947968,302,677.81621118,545,9062,771.53,0.18762488663196564,3.1147320883141623,0.369873046875,0.2,2305,0.06620605349437231,0.7109168767929077,0.0003,0.009964708238840103,-0.008123678017808642,0.03629657
4964352,303,659.2593026000001,547,9061,761.07,0.18767593801021576,3.1071089380155734,0.38727451727642276,0.2,2309,0.06290755685933722,0.7823357582092285,0.0003,0.06750401854515076,-0.0039044354561474023,0.03495539
4980736,304,623.5195479099999,549,9056,745.47,0.18816860020160675,3.08408253497928,0.39179789490861616,0.2,2315,0.1104632201884185,0.6811549067497253,0.0003,0.048165325075387955,-0.011015117794576808,0.03593523
4997120,305,599.79130684,551,9056,744.41,0.18800069391727448,3.07826964633981,0.35504590850515466,0.2,2319,0.09156210292322733,0.7764710187911987,0.0003,0.003618566319346428,0.0005151830162353737,0.04113336
5013504,306,564.7081968599999,553,9054,735.27,0.18769584596157074,3.094139929899235,0.3649054982817869,0.2,2324,0.08474984226101862,0.7601057291030884,0.0003,0.013647902756929398,-0.00873010993464706,0.033757333
5029888,307,544.11056635,555,9053,740.06,0.1876947283744812,3.1072678790234103,0.3556427908415842,0.2,2328,0.0927673873334828,0.7348133325576782,0.0003,0.02190939150750637,-0.0026655695308921952,0.034998916
5046272,308,597.0764052999999,557,9054,761.06,0.18783999979496002,3.1035516449574674,0.3376931179775281,0.2,2330,0.13747859386245856,0.6566329002380371,0.0003,0.0740545243024826,0.007068859640864677,0.035620917
5062656,309,639.78134934,559,9052,779.72,0.18795792758464813,3.0992448966219492,0.38143086816720256,0.2,2335,0.03758734850350683,0.8230928778648376,0.0003,0.009637975133955479,-0.008013740708224979,0.034666277
5079040,310,678.0617371700001,561,9050,780.03,0.188466414809227,3.0737938284873962,0.38728101325757575,0.2,2340,0.046854867741014015,0.820062518119812,0.0003,-0.010243753902614117,-0.006201461260912545,0.038442805
5095424,311,695.9962962499999,563,9049,771.16,0.18856854736804962,3.0619061440229416,0.360595703125,0.2,2344,0.039368106900448244,0.816435694694519,0.0003,0.0022397413849830627,-0.005105065351277257,0.03362578
5111808,312,701.1327498700001,564,9048,773.1,0.1884828805923462,3.0537525894386426,0.365966796875,0.2,2348,0.08460612628342849,0.8057795763015747,0.0003,0.03809800371527672,-0.005124640869325958,0.0346076
5128192,313,674.7185168999999,566,9046,767.26,0.1883831024169922,3.0694357648728388,0.36435081845238093,0.2,2352,0.10707805591029307,0.7487905025482178,0.0003,0.02466760389506817,-0.0061940930410480455,0.03417895
5144576,314,690.67488864,568,9046,791.71,0.18841420114040375,3.0651121100441356,0.361787056010929,0.2,2355,0.0914019581154396,0.6820528507232666,0.0003,0.04083593189716339,-0.0006000865886975181,0.033362597
5160960,315,663.29132489,570,9049,766.36,0.18833212554454803,3.068271336555481,0.315234375,0.2,2356,0.06879663370549678,0.7468715906143188,0.0003,0.10085700452327728,0.01183329425752163,0.02382687
5177344,316,684.3977777499999,572,9047,756.57,0.18828435242176056,3.0698628751494046,0.3710515962230216,0.2,2361,0.056190801737495036,0.8148203492164612,0.0003,0.002628721296787262,-0.008961374459372793,0.03678744
5193728,317,709.7243595899998,574,9048,749.42,0.18840371072292328,3.0752037403195405,0.34038880813953487,0.2,2364,0.05454506713521573,0.8419427871704102,0.0003,0.013442723080515862,0.004856173909276493,0.050140694
5210112,318,715.4428455800002,575,9048,737.74,0.18876703083515167,3.0577989223806616,0.36530748663101603,0.2,2367,0.049901342129006106,0.8398487567901611,0.0003,0.008770834654569626,-0.0013692921107226514,0.033620376
5226496,319,710.9986607900001,577,9047,724.63,0.1887102872133255,3.049713962142532,0.3740498310810811,0.2,2370,0.059165522999860144,0.8190081119537354,0.0003,0.024540893733501434,-0.0006022222768011931,0.03475518
5242880,320,714.0953735300001,579,9050,718.62,0.18859712779521942,3.0533651734741643,0.33153609154929575,0.2,2372,0.06269339456314772,0.8167095184326172,0.0003,0.011728096753358841,0.011488854406322812,0.036729515
5259264,321,675.62388378,581,9049,705.89,0.18857872486114502,3.0525436495977734,0.38191344246031744,0.2,2376,0.0636283445305058,0.8300687074661255,0.0003,0.01457282155752182,-0.006958780189355214,0.03603953
5275648,322,672.60225353,583,9048,718.71,0.18855534493923187,3.0618763528551374,0.3676785714285714,0.2,2379,0.10530382884400231,0.7890087962150574,0.0003,0.04573885351419449,5.449141641812665e-05,0.033090353
5292032,323,653.2472860100002,584,9046,739.44,0.18887801468372345,3.044594018653249,0.36367374401913877,0.2,2383,0.0950290429356851,0.7875819802284241,0.0003,0.025227049365639687,-0.004337685720763352,0.03473927
5308416,324,581.53318625,586,9047,719.25,0.18897990882396698,3.0312340985769515,0.3829247485632184,0.2,2386,0.18491443828947243,0.630156934261322,0.0003,0.05126263201236725,-0.002541311494684939,0.03492451
5324800,325,595.0692345599999,588,9047,727.39,0.18920789659023285,3.0167147651392754,0.35534604057591623,0.2,2389,0.1632419933043225,0.7196751832962036,0.0003,0.08459991961717606,0.0007349453203341099,0.032998558
5341184,326,639.1451130399998,590,9048,765.26,0.18925118446350098,3.0080994403723516,0.3456439393939394,0.2,2392,0.09267572909029144,0.8111283779144287,0.0003,0.021176854148507118,0.003210186108128365,0.037118033
5357568,327,645.4598140300001,591,9051,754.44,0.18934516608715057,3.0076917886734007,0.3487630208333333,0.2,2393,0.08140499151001374,0.7490721940994263,0.0003,0.06958869844675064,0.014597476281536122,0.027920818
5373952,328,644.1442055599999,594,9045,751.45,0.18920040130615234,3.0066112198980686,0.38907840780542985,0.2,2400,0.06402845790281016,0.7801737189292908,0.0003,0.0059028007090091705,-0.013396364041473464,0.035224017
5390336,329,700.88827997,595,9048,796.36,0.18942053616046906,3.0062320033709207,0.3443467881944444,0.2,2402,0.13408872278200257,0.7101220488548279,0.0003,0.06279034912586212,0.009703430618780354,0.039269052
5406720,330,683.6353356699998,597,9048,791.74,0.18928325176239014,3.0066019849678907,0.36998630798969073,0.2,2406,0.11859801891691905,0.7325131297111511,0.0003,0.051627472043037415,-0.0025536869940607203,0.04563617
5423104,331,618.9463530799999,599,9049,743.68,0.1891612857580185,3.018897861577152,0.3843925561797753,0.2,2409,0.14724193417121856,0.667306661605835,0.0003,0.05314228683710098,-0.00132818258723265,0.035516735
5439488,332,591.79119658,601,9050,754.37,0.18930332362651825,3.0220935664959807,0.36199860074626866,0.2,2412,0.06652666739563444,0.8410446047782898,0.0003,0.025122690945863724,0.0029799378435335943,0.041115962
5455872,333,582.4611948300001,603,9047,745.09,0.18945926427841187,3.002000532032531,0.3771339699074074,0.2,2418,0.15641373779946638,0.6775764226913452,0.0003,0.06206238269805908,-0.007110031454588206,0.041667167
5472256,334,591.90272046,604,9047,734.84,0.18948912620544434,3.0019025778529618,0.37715041035353536,0.2,2422,0.0935958359164722,0.7612395882606506,0.0003,0.004717007279396057,-0.0005499918408917658,0.03900129
5488640,335,644.6696410300001,606,9044,770.1,0.1896929293870926,2.999464318001559,0.38101481401384085,0.2,2427,0.06492504174579386,0.8061357140541077,0.0003,0.013140086084604263,-0.009670569310061453,0.034909114
5505024,336,670.5900639400002,608,9042,789.13,0.1898428201675415,2.9868604429562886,0.38602864583333335,0.2,2432,0.04928911112869779,0.6914228200912476,0.0003,0.022152604535222054,-0.008085010931827128,0.03779092
5521408,337,721.10088159,610,9042,800.42,0.1899762898683548,2.9799527676418576,0.3567708333333333,0.2,2436,0.057456760102826535,0.8072043657302856,0.0003,0.0043891556560993195,-0.003243779857652356,0.03545175
5537792,338,732.6560456500001,612,9040,784.74,0.19036263227462769,2.9595367731871427,0.3669624485596708,0.2,2440,0.07437439043642072,0.7719244956970215,0.0003,0.011036541312932968,-0.006765799276883342,0.03526659
5554176,339,744.7029671500001,614,9041,792.58,0.1902497261762619,2.9572709525763656,0.3499258030726257,0.2,2443,0.050255100924376,0.8355247378349304,0.0003,0.013122549280524254,-0.0018837234816987422,0.03291076
5570560,340,687.8942493300002,616,9039,743.97,0.19034796953201294,2.9557882467277437,0.36436203063241107,0.2,2447,0.06102146215648519,0.7771912217140198,0.0003,-0.0019964314997196198,-0.0065414668557789955,0.034334082
5586944,341,690.4275737199999,618,9038,754.21,0.19050109386444092,2.947205506680861,0.37238465665236054,0.2,2451,0.09649272075986146,0.7974200248718262,0.0003,0.017843041568994522,-0.004163922662067311,0.03392745
5603328,342,650.0340956299999,619,9038,720.72,0.19110293686389923,2.9207522127912453,0.37392729922279794,0.2,2455,0.07467853911028006,0.7768422961235046,0.0003,0.008364645764231682,-0.001317494037353622,0.049694553
5619712,343,659.35173087,621,9038,747.21,0.1911327838897705,2.904682453473409,0.3495876736111111,0.2,2458,0.06690755223648416,0.8067309260368347,0.0003,0.028698522597551346,-0.0031351051784844863,0.031244017
5636096,344,642.96251761,623,9036,723.69,0.19107075035572052,2.9009080773050133,0.37394945549242425,0.2,2463,0.06807403224097057,0.744378924369812,0.0003,0.005107946693897247,-0.006322937858798964,0.03789776
5652480,345,679.6265344999999,625,9035,756.71,0.19099901616573334,2.9118170691287424,0.37432332677165353,0.2,2467,0.05399341870275304,0.8439139723777771,0.0003,0.023315655067563057,-0.007451987570503683,0.03525057
5668864,346,665.9873730699999,627,9034,751.87,0.1910851150751114,2.913151199618975,0.3590291341145833,0.2,2470,0.058775531710125506,0.8114451169967651,0.0003,0.024550188332796097,-0.0032723559634177946,0.033895254
5685248,347,689.42387228,629,9035,753.71,0.19157879054546356,2.891197369212196,0.34399801587301587,0.2,2472,0.12916390739736103,0.7304717898368835,0.0003,0.06421653926372528,0.006132178603568011,0.02898109
5701632,348,645.02692641,630,9038,781.57,0.1916216015815735,2.871645394018141,0.2947563559322034,0.2,2473,0.07709936690279993,0.792203426361084,0.0003,0.08088238537311554,0.01419528164127368,0.02202651
5718016,349,609.70976396,632,9040,762.21,0.19180314242839813,2.8674488597446017,0.34541377314814814,0.2,2474,0.26478427896897,0.5420112609863281,0.0003,0.1511344313621521,0.012184945806102068,0.02743921
5734400,350,564.8159464199999,634,9037,764.59,0.19202764332294464,2.8486328431431405,0.3770694553291536,0.2,2479,0.09001093010964065,0.7753175497055054,0.0003,0.030184460803866386,-0.010929193836709828,0.03722366
5750784,351,593.90777315,636,9032,790.02,0.19244319200515747,2.825859946728834,0.37961486678004536,0.2,2486,0.10886826004638693,0.6636309623718262,0.0003,0.055284108966588974,-0.01421844204011333,0.03627451
5767168,352,595.83159673,638,9029,807.82,0.19260410964488983,2.809235564130821,0.3800186258278146,0.2,2491,0.0876496025539984,0.6344574689865112,0.0003,0.03484820947051048,-0.009703161400767499,0.034867924
5783552,353,640.52857265,640,9029,822.68,0.19260971248149872,2.815146130036543,0.3588736631016043,0.2,2494,0.072333441937671,0.7633057236671448,0.0003,0.007447756826877594,-0.0015716665937380995,0.032486808
5799936,354,621.98896665,642,9029,828.97,0.19301651418209076,2.7919576292723614,0.35610702614379086,0.2,2497,0.14569763780808917,0.5362276434898376,0.0003,0.041274622082710266,1.2962176507107572e-05,0.033672597
5816320,355,594.5300792400001,643,9032,825.55,0.19289815425872803,2.7854480784514855,0.3490705818965517,0.2,2498,0.17836114725676075,0.6317003965377808,0.0003,0.1881176084280014,0.015788134733407663,0.027837742
5832704,356,525.53922774,645,9035,804.72,0.19311504065990448,2.7813432169895544,0.3244485294117647,0.2,2499,0.3208045144291485,0.5296021103858948,0.0003,0.16072621941566467,0.012070347354108212,0.025817102
5849088,357,489.23402445,647,9033,785.86,0.19297510385513306,2.7770402522487494,0.3624165076335878,0.2,2504,0.13118934418067676,0.5826836228370667,0.0003,0.03512861579656601,-0.005642247595113368,0.03326643
5865472,358,527.8548527199999,649,9031,784.61,0.19307933747768402,2.7875726997852324,0.364501953125,0.2,2508,0.08944209866846602,0.7331509590148926,0.0003,-0.0015531182289123535,-0.009313866870555406,0.033700358
5881856,359,542.0027260100001,651,9032,789.76,0.19330130517482758,2.769161213119075,0.3314784787735849,0.2,2510,0.07920767676155523,0.6669719219207764,0.0003,0.05567249655723572,0.0041872002887275986,0.0289807
5898240,360,589.2815578999999,653,9032,778.92,0.19328026473522186,2.76734241228255,0.3581555886243386,0.2,2513,0.068913180282507,0.7408876419067383,0.0003,0.020959749817848206,-0.0015048675544599376,0.032079812
5914624,361,645.36014357,655,9029,784.96,0.19329063594341278,2.7617284685078234,0.3675355816831683,0.2,2518,0.05991654104181249,0.7839807271957397,0.0003,0.010677710175514221,-0.010871647130206177,0.033697736
5931008,362,645.1492649,656,9027,787.24,0.19345633685588837,2.759399638709609,0.3643388989169675,0.2,2523,0.07969109966866807,0.7778736352920532,0.0003,0.005866892635822296,-0.008335779710178556,0.035081983
5947392,363,623.6437984500001,658,9026,785.34,0.19348406791687012,2.75279991275768,0.35299016497461927,0.2,2527,0.06412829922011055,0.6983204483985901,0.0003,-0.006155382841825485,-0.005065892118639147,0.040333323
5963776,364,608.46545995,660,9027,805.79,0.19347529113292694,2.749937121932571,0.3623521959459459,0.2,2530,0.0858705591712449,0.7031009197235107,0.0003,0.051662251353263855,-0.0006900701445300836,0.030634955
5980160,365,563.20437325,662,9028,822.43,0.1932048350572586,2.7568971599851335,0.32850864955357145,0.2,2532,0.12566041028393166,0.6296969652175903,0.0003,0.050885479897260666,0.003435375530638599,0.03113336
5996544,366,559.97226848,664,9027,825.82,0.19298763573169708,2.7815930146002485,0.36542737154150196,0.2,2536,0.285987396720841,0.44299501180648804,0.0003,0.07805657386779785,-0.007243972952687458,0.034572218
6012928,367,558.25280161,666,9026,830.51,0.19355936348438263,2.7621994506229055,0.35949928977272727,0.2,2540,0.09614103895358064,0.6234521865844727,0.0003,0.03759846091270447,-0.004612051984506913,0.033408497
