time/total_timesteps,rollout/ep_len_mean,time/iterations,time/fps,time/time_elapsed,rollout/ep_rew_mean,train/value_loss,train/learning_rate,train/entropy_loss,train/loss,train/std,train/approx_kl,train/clip_range,train/n_updates,train/explained_variance,train/clip_fraction,train/policy_gradient_loss
16384,1000.0,1,7688,2,757.1163284375,,,,,,,,,,,
32768,1000.0,2,5686,5,772.73397953125,0.237503158650361,0.0003,-4.991243755072356,0.038790032267570496,0.3664988577365875,0.015157448,0.2,10,-2.173274040222168,0.1832763671875,-0.015188836438392172
49152,1000.0,3,5047,9,784.8801600208334,0.03594714200880844,0.0003,-4.937694731354713,-0.013618096709251404,0.3648952543735504,0.015668046,0.2,20,-0.8405539989471436,0.188470458984375,-0.0195353602834075
65536,1000.0,4,4775,13,793.105314171875,0.02502612081443658,0.0003,-4.855969669669866,-0.006194792687892914,0.3619811534881592,0.014711745,0.2,30,0.2816072106361389,0.192803955078125,-0.020112691533722683
81920,1000.0,5,4562,17,798.928179875,0.017788866070623043,0.0003,-4.766152510046959,-0.02879144251346588,0.35955432057380676,0.016797792,0.2,40,0.46428239345550537,0.2161376953125,-0.023532755557607744
98304,1000.0,6,4595,21,806.5527290937499,0.014602992811705916,0.0003,-4.675307549536228,-0.03691219910979271,0.3566475808620453,0.017240062,0.2,50,0.5858196020126343,0.220526123046875,-0.023450580042845105
114688,1000.0,7,4692,24,823.4297153299999,0.012139030930120498,0.0003,-4.584097186475992,-0.02551828697323799,0.35403740406036377,0.017767671,0.2,60,0.6586742401123047,0.22779541015625,-0.02492019016917766
131072,1000.0,8,4778,27,840.06726535,0.00910016232082853,0.0003,-4.507046386599541,-0.023443516343832016,0.3519672453403473,0.018194154,0.2,70,0.6738195419311523,0.234765625,-0.025402894469880265
147456,1000.0,9,4843,30,859.5410199500001,0.00954553052870324,0.0003,-4.4275702580809595,-0.026783088222146034,0.34923186898231506,0.017739931,0.2,80,0.6947034597396851,0.22989501953125,-0.025220001757406862
163840,1000.0,10,4899,33,882.7743946300003,0.00789087738157832,0.0003,-4.324300700426102,-0.033893000334501266,0.34636518359184265,0.019298749,0.2,90,0.7142946720123291,0.25357666015625,-0.02669501194068289
180224,1000.0,11,4942,36,907.6513279400001,0.006279308416196727,0.0003,-4.224646600335836,-0.03885567560791969,0.34358787536621094,0.019867297,0.2,100,0.785485029220581,0.248724365234375,-0.02722993404022418
196608,1000.0,12,4981,39,929.9795788100001,0.00593649714573985,0.0003,-4.135058168321848,-0.032415349036455154,0.34111452102661133,0.019196592,0.2,110,0.834246039390564,0.252880859375,-0.02757873668015236
212992,1000.0,13,5015,42,955.5623992099999,0.005562286993517773,0.0003,-4.044563835859298,-0.03503088280558586,0.3386319875717163,0.019258194,0.2,120,0.8272225260734558,0.244146728515625,-0.025712724899858586
229376,1000.0,14,5044,45,982.4879521100002,0.004671794508612948,0.0003,-3.971987457945943,-0.034729618579149246,0.33641067147254944,0.02103522,0.2,130,0.8257086277008057,0.26363525390625,-0.027994415238208604
245760,1000.0,15,5071,48,1004.3332049899999,0.004281127425929299,0.0003,-3.8707758631557225,-0.043729688972234726,0.33362486958503723,0.019445952,0.2,140,0.8045536875724792,0.24566650390625,-0.02645470858697081
262144,1000.0,16,5114,51,1018.1745479299998,0.004332057132705814,0.0003,-3.770695269852877,-0.03220441937446594,0.33054667711257935,0.020273883,0.2,150,0.8518810868263245,0.25665283203125,-0.026251750285882735
278528,1000.0,17,5188,53,1033.9315335100002,0.004996927726460853,0.0003,-3.6774485759437083,-0.03308270871639252,0.3284014165401459,0.020053547,0.2,160,0.8783013224601746,0.24716796875,-0.026276883128957707
294912,1000.0,18,5250,56,1054.280355,0.003646272663172567,0.0003,-3.5760722141712904,-0.050349440425634384,0.325368732213974,0.021997914,0.2,170,0.8751320838928223,0.274188232421875,-0.02848303615573968
311296,1000.0,19,5310,58,1072.19512736,0.0032181452046643245,0.0003,-3.464407068118453,-0.035567548125982285,0.32249167561531067,0.023458827,0.2,180,0.8776761889457703,0.27791748046875,-0.02772399591121939
327680,1000.0,20,5359,61,1085.56037919,0.0036080609828786693,0.0003,-3.3639852192252873,-0.04051857069134712,0.3194381296634674,0.022967247,0.2,190,0.8957956433296204,0.28397216796875,-0.02930475057764852
344064,1000.0,21,5411,63,1105.59109136,0.0027488174904647168,0.0003,-3.2462786987423895,-0.03472813963890076,0.3164830505847931,0.023187697,0.2,200,0.9060229063034058,0.272821044921875,-0.026693174694810296
360448,1000.0,22,5457,66,1122.57032157,0.003726385976551683,0.0003,-3.148005148023367,-0.042563360184431076,0.31415316462516785,0.022895169,0.2,210,0.9012395739555359,0.279486083984375,-0.028544048555340852
376832,1000.0,23,5501,68,1135.1404513500001,0.0036499541314697127,0.0003,-3.061201284453273,-0.03462057188153267,0.31177598237991333,0.022658225,0.2,220,0.9185624718666077,0.271575927734375,-0.028647669199563096
393216,1000.0,24,5538,70,1144.99671459,0.002357444375229534,0.0003,-2.969044180959463,-0.026819156482815742,0.30937039852142334,0.02354016,0.2,230,0.9220377802848816,0.27523193359375,-0.02737778460214031
409600,1000.0,25,5577,73,1157.25565882,0.0026966530336721916,0.0003,-2.881634873896837,-0.040881577879190445,0.3073868453502655,0.023043863,0.2,240,0.9051172733306885,0.274578857421875,-0.02637542314332677
425984,1000.0,26,5611,75,1168.11436137,0.0023659518636122813,0.0003,-2.785908088833094,-0.032137468457221985,0.3046170473098755,0.023182645,0.2,250,0.9146111607551575,0.286236572265625,-0.027427752060611967
442368,1000.0,27,5645,78,1178.6122738600002,0.0022984776840530687,0.0003,-2.7181706834584474,-0.047328460961580276,0.30312708020210266,0.02382078,0.2,260,0.9114835858345032,0.276904296875,-0.024854304119071458
458752,1000.0,28,5675,80,1193.7748489399999,0.0015382365668301645,0.0003,-2.618733029067516,-0.040405213832855225,0.3005998432636261,0.02452413,0.2,270,0.9241455793380737,0.287786865234375,-0.027452863429061836
475136,1000.0,29,5701,83,1203.33175581,0.0015110072476090864,0.0003,-2.5234328284859657,-0.03829498589038849,0.2978646457195282,0.024150353,0.2,280,0.9065806269645691,0.28590087890625,-0.02448196415498387
491520,1000.0,30,5728,85,1208.79172492,0.002130248494722764,0.0003,-2.406218421459198,-0.03734954074025154,0.29521504044532776,0.02499719,0.2,290,0.9387219548225403,0.289947509765625,-0.026447570435266243
507904,1000.0,31,5755,88,1206.1792338200003,0.002484555995579285,0.0003,-2.3053151320666077,-0.04140780493617058,0.29292523860931396,0.023941489,0.2,300,0.8877534866333008,0.2807861328125,-0.0243120100498345
524288,1000.0,32,5779,90,1210.62778541,0.009563319208973553,0.0003,-2.244777376204729,-0.04015233740210533,0.29135769605636597,0.028120436,0.2,310,0.7178599834442139,0.31971435546875,-0.02248872971031233
540672,1000.0,33,5804,93,1212.2189875,0.0026476967004782637,0.0003,-2.163078435882926,-0.027087613940238953,0.2893635928630829,0.023237478,0.2,320,0.8886204957962036,0.2827880859375,-0.026224306877702476
557056,1000.0,34,5825,95,1213.75092372,0.004073773672644165,0.0003,-2.0945643901824953,-0.02801157347857952,0.28786325454711914,0.027112328,0.2,330,0.8351148366928101,0.30487060546875,-0.0245722317158652
573440,1000.0,35,5847,98,1216.71489535,0.0018729381835328241,0.0003,-2.018098775856197,-0.03755871579051018,0.2857246696949005,0.023429448,0.2,340,0.9136399626731873,0.281243896484375,-0.025634501676177025
589824,1000.0,36,5867,100,1222.38001368,0.0020690835704954224,0.0003,-1.938805814832449,-0.017877506092190742,0.28425222635269165,0.026177052,0.2,350,0.8810495138168335,0.30103759765625,-0.0263198867902247
606208,1000.0,37,5887,102,1238.37625873,0.0015781078570398677,0.0003,-1.8633235404267907,-0.02482251450419426,0.28217408061027527,0.025993127,0.2,360,0.893212616443634,0.302508544921875,-0.024306789454931275
622592,1000.0,38,5902,105,1238.27752482,0.0017229199393113959,0.0003,-1.7802125260233879,-0.03332512080669403,0.2802923023700714,0.024903161,0.2,370,0.9125624299049377,0.30413818359375,-0.025208690165891313
638976,1000.0,39,5920,107,1249.46776207,0.0016463520614706795,0.0003,-1.703604525141418,-0.02883722260594368,0.2785269320011139,0.0257509,0.2,380,0.9233922958374023,0.3080810546875,-0.024012882975512184
655360,1000.0,40,5928,110,1256.28327163,0.0011572207959943625,0.0003,-1.6213799068704247,-0.04315968602895737,0.27623143792152405,0.025319766,0.2,390,0.9343402981758118,0.295989990234375,-0.02600400021437963
671744,1000.0,41,5946,112,1258.75648895,0.0010875447524085757,0.0003,-1.5174932984635234,-0.04062247276306152,0.27406811714172363,0.02418674,0.2,400,0.9449478387832642,0.29058837890625,-0.024722959757491482
688128,1000.0,42,5963,115,1263.6683807,0.0012446828157408163,0.0003,-1.4411265341565014,-0.04220059886574745,0.2725231945514679,0.02678985,0.2,410,0.9368595480918884,0.302978515625,-0.025122619274043245
704512,1000.0,43,5979,117,1270.005976,0.0011323263338454126,0.0003,-1.3404042961075902,-0.043092645704746246,0.2701081335544586,0.026339307,0.2,420,0.9400882720947266,0.303741455078125,-0.025730804196427925
720896,1000.0,44,5993,120,1269.99237637,0.0010071282506942225,0.0003,-1.233162402547896,-0.036931321024894714,0.2675383388996124,0.028339349,0.2,430,0.9453560709953308,0.31124267578125,-0.025207670177769613
737280,1000.0,45,6008,122,1272.2343231599998,0.0012984099706045526,0.0003,-1.14286939650774,-0.03350728750228882,0.26600381731987,0.028076028,0.2,440,0.9560192823410034,0.30914306640625,-0.024811219561161123
753664,1000.0,46,6022,125,1275.0779837900002,0.0010037964309503877,0.0003,-1.064983968436718,-0.037174902856349945,0.2637642025947571,0.026889086,0.2,450,0.9466416835784912,0.305426025390625,-0.02401932013044643
770048,1000.0,47,6036,127,1281.0468931599999,0.0007903800536496419,0.0003,-0.9413951330818235,-0.03445817530155182,0.2611885964870453,0.02800565,0.2,460,0.9357422590255737,0.31123046875,-0.023421479866738083
786432,1000.0,48,6049,129,1283.1995594399998,0.0009528132275590905,0.0003,-0.8374116081744433,-0.021752364933490753,0.25884947180747986,0.02789021,0.2,470,0.9349996447563171,0.30826416015625,-0.02450786052722833
802816,1000.0,49,6063,132,1282.0127106599998,0.0010582237216724144,0.0003,-0.7525557157446127,-0.036673177033662796,0.25719138979911804,0.028546307,0.2,480,0.9495446681976318,0.31673924180327867,-0.02266673237146413
819200,1000.0,50,6074,134,1284.9361142299997,0.0010416931538202335,0.0003,-0.6882193872705102,-0.028049131855368614,0.25608110427856445,0.031108785,0.2,490,0.9186983108520508,0.333343505859375,-0.022535304276607347
835584,1000.0,51,6085,137,1289.0793861800003,0.001250540311957593,0.0003,-0.6347457896918058,-0.041266050189733505,0.25466814637184143,0.029008478,0.2,500,0.9401440620422363,0.324725341796875,-0.025397025270649465
851968,1000.0,52,6095,139,1288.0302244999998,0.0009239004252322048,0.0003,-0.5613930703140795,-0.03395147621631622,0.2528999149799347,0.028629715,0.2,510,0.945425808429718,0.32257080078125,-0.023499067132797792
868352,1000.0,53,6105,142,1290.27065592,0.0008128310819756734,0.0003,-0.4753790349699557,-0.04379389435052872,0.2516471743583679,0.02870176,0.2,520,0.9493831396102905,0.322283935546875,-0.025109087333476054
884736,1000.0,54,6114,144,1291.0325393399999,0.0008127799124849844,0.0003,-0.39582617552950977,-0.03486892208456993,0.2496057003736496,0.030481115,0.2,530,0.9453941583633423,0.33651123046875,-0.02313148266512144
901120,1000.0,55,6123,147,1296.44556687,0.0006345828786834318,0.0003,-0.28586358213797214,-0.02980748377740383,0.2472618818283081,0.029957952,0.2,540,0.9294598698616028,0.3334716796875,-0.022866229424835183
917504,1000.0,56,6132,149,1294.69585101,0.0007389608525045332,0.0003,-0.18835399560630323,-0.02604452334344387,0.24515073001384735,0.027986089,0.2,550,0.9475722312927246,0.32486572265625,-0.02292168928634055
933888,1000.0,57,6141,152,1297.24644052,0.0010205246307123162,0.0003,-0.10087166875600814,-0.04292996600270271,0.24374747276306152,0.02893883,0.2,560,0.9282732009887695,0.33155517578125,-0.023304223048762653
950272,1000.0,58,6150,154,1296.92860438,0.0007405408696286031,0.0003,-0.005854601971805096,-0.0362684391438961,0.2415316253900528,0.03008122,0.2,570,0.9518055319786072,0.3369873046875,-0.024250760854920374
966656,1000.0,59,6166,156,1291.4151731900001,0.0010313384391301584,0.0003,0.08525261156486742,-0.03106825239956379,0.24007244408130646,0.02930519,0.2,578,0.9267815351486206,0.32347695707070706,-0.020221102026037194
983040,1000.0,60,6203,158,1293.92086071,0.007187690302405668,0.0003,0.11122663124747899,0.00916337501257658,0.23977260291576385,0.028237801,0.2,580,0.8065182566642761,0.31953125,0.0009982042986413707
999424,1000.0,61,6188,161,1293.48400664,0.00046266925869531406,0.0003,0.18696944122202694,-0.033215899020433426,0.23816098272800446,0.02869955,0.2,590,0.9048750400543213,0.323846435546875,-0.022323030654661125
1015808,1000.0,62,6175,164,1297.12028807,0.0006909885537424998,0.0003,0.26124922558665276,-0.032487381249666214,0.23673327267169952,0.03015159,0.2,600,0.9433028697967529,0.344915771484375,-0.023500299040824756
1032192,1000.0,63,6162,167,1297.7248522599998,0.0008319597215631803,0.0003,0.33173349853605033,-0.03615150228142738,0.23473449051380157,0.03174389,0.2,610,0.9370589256286621,0.329376220703125,-0.023624403720896227
1048576,1000.0,64,6164,170,1294.9566716299998,0.0010461489907740299,0.0003,0.4261707074075773,-0.03143073245882988,0.233181431889534,0.029837862,0.2,619,0.9466823935508728,0.33557780847145485,-0.020736967561625862
1064960,1000.0,65,6171,172,1298.95610797,0.0012592745432812081,0.0003,0.48019784125499426,-0.028932709246873856,0.232611283659935,0.03063797,0.2,629,0.9409583210945129,0.333905029296875,-0.023365927089980688
1081344,1000.0,66,6180,174,1296.86324242,0.001397585320410144,0.0003,0.546992368530482,-0.03142563998699188,0.23081283271312714,0.03265488,0.2,639,0.927108883857727,0.353961181640625,-0.023791514649929013
1097728,1000.0,67,6189,177,1295.53490441,0.0006167810061996768,0.0003,0.6224730809864668,-0.02113410085439682,0.22983939945697784,0.03782482,0.2,649,0.9237942099571228,0.3453572934232715,-0.02057985459261183
1114112,1000.0,68,6213,179,1288.74990419,0.0019410038459897279,0.0003,0.6470989701085197,-0.029558978974819183,0.22933340072631836,0.03259381,0.2,654,0.9221111536026001,0.352086661341853,-0.011199448922702585
1130496,1000.0,69,6221,181,1291.9870058000001,0.0010521226518450685,0.0003,0.6791669115888206,-0.025360973551869392,0.22869561612606049,0.041329097,0.2,664,0.9461121559143066,0.3303011461937716,-0.020342682929150438
1146880,1000.0,70,6229,184,1290.81589038,0.0008095594865153543,0.0003,0.7319586554542183,-0.007931062020361423,0.2274622768163681,0.03028877,0.2,674,0.951035737991333,0.334716796875,-0.02291710081481142
1163264,1000.0,71,6245,186,1293.55724536,0.0019674493746818958,0.0003,0.7637725308119694,-0.04261932894587517,0.22726279497146606,0.029081613,0.2,681,0.9017206430435181,0.32865435163551404,-0.015377036462294234
1179648,1000.0,72,6270,188,1296.11639674,0.0020512126626329513,0.0003,0.7800586925247522,-0.014363186433911324,0.22673094272613525,0.032714926,0.2,685,0.8726504445075989,0.3648806594488189,-0.00800356567620967
1196032,1000.0,73,6275,190,1300.0894334000002,0.0004966053057160024,0.0003,0.8468500588089227,-0.035795655101537704,0.22530221939086914,0.03113868,0.2,695,0.9596647620201111,0.33587646484375,-0.022411753769847564
1212416,1000.0,74,6302,192,1307.69881721,0.0006837530255829192,0.0003,0.8979299825090201,-0.014233266934752464,0.2242383360862732,0.048443325,0.2,699,0.9504001140594482,0.29495223445595853,-0.005532765859940663
1228800,1000.0,75,6311,194,1308.58249372,0.0006815144666948721,0.0003,0.9899929577750819,-0.036804962903261185,0.22231817245483398,0.036213312,0.2,708,0.9474321603775024,0.36842215401785716,-0.02189554924386487
1245184,1000.0,76,6304,197,1310.91256081,0.0010322201238869933,0.0003,1.0557859493600719,-0.03331659734249115,0.2216436117887497,0.045543563,0.2,717,0.9510061144828796,0.34291403210116733,-0.018719464411382863
1261568,1000.0,77,6312,199,1314.18091602,0.0007051960522531458,0.0003,1.0978010284188626,-0.036899007856845856,0.2206687182188034,0.03899711,0.2,726,0.9510297775268555,0.3450972422928709,-0.019773482503853954
1277952,1000.0,78,6327,201,1310.38210134,0.0010015710276537948,0.0003,1.1604679100704889,-0.03219868615269661,0.21968227624893188,0.03248775,0.2,733,0.9546729326248169,0.3369449513381995,-0.017173347348877547
1294336,1000.0,79,6339,204,1314.0097331300003,0.0008635516919490875,0.0003,1.1951162100877117,-0.03500881791114807,0.21888065338134766,0.037762918,0.2,741,0.9401886463165283,0.34333299291938996,-0.01749175992410849
1310720,1000.0,80,6348,206,1310.6040713,0.00046616486136028527,0.0003,1.2714410477046725,-0.018031669780611992,0.21715061366558075,0.03429104,0.2,750,0.9645618200302124,0.3585132233273056,-0.020916833567549264
1327104,1000.0,81,6361,208,1313.7972436400003,0.0005400312458889811,0.0003,1.3553348851045326,-0.04079112038016319,0.2157890647649765,0.041701794,0.2,758,0.9570156931877136,0.3510341601995565,-0.017287370540251226
1343488,1000.0,82,6366,211,1319.4826762900002,0.00040499288471766817,0.0003,1.460126176030929,-0.03686897084116936,0.2139652967453003,0.035704777,0.2,768,0.9458478093147278,0.3612762147009967,-0.020322541143912264
1359872,1000.0,83,6377,213,1319.95944785,0.0006259499977291753,0.0003,1.5235174544870036,-0.025973675772547722,0.21290303766727448,0.030971395,0.2,774,0.9626302719116211,0.3337114726027397,-0.014084221663795514
1376256,1000.0,84,6396,215,1325.6100563700002,0.0005082937552873835,0.0003,1.5912666199570995,-0.005088426172733307,0.2115958333015442,0.03288259,0.2,779,0.964449405670166,0.3266154661016949,-0.013563988398034441
1392640,1000.0,85,6407,217,1325.6177690299999,0.0006567523065329743,0.0003,1.6728332313276204,-0.040609557181596756,0.21000643074512482,0.033101607,0.2,787,0.9687173366546631,0.3715872591006424,-0.01935376920109132
1409024,1000.0,86,6414,219,1326.26197279,0.0005677329571154307,0.0003,1.76565039137243,-0.052604153752326965,0.20850735902786255,0.042862266,0.2,797,0.9594907760620117,0.3645382785467128,-0.021683021362348877
1425408,1000.0,87,6426,221,1321.901065,0.0006251863740425733,0.0003,1.860213009843526,-0.019727066159248352,0.20675094425678253,0.033257224,0.2,804,0.9620580077171326,0.34840345036319614,-0.01712220000130176
1441792,1000.0,88,6447,223,1321.87845232,0.0011253268558442209,0.0003,1.9239509463844813,-0.027912896126508713,0.20604117214679718,0.026978275,0.2,808,0.9493649005889893,0.3174572589686099,-0.006847712495301604
1458176,1000.0,89,6459,225,1322.87206592,0.000540869408522571,0.0003,1.976224570118602,-0.03217480704188347,0.20507609844207764,0.033050347,0.2,815,0.96360182762146,0.3393726444723618,-0.014989408262216734
1474560,1000.0,90,6466,228,1324.4571901499999,0.0005101021757909212,0.0003,2.03562803107701,-0.029626211151480675,0.2040424346923828,0.032247476,0.2,822,0.9683396220207214,0.34608497191011234,-0.016786102074711175
1490944,1000.0,91,6479,230,1318.6962668800002,0.0005151171737521463,0.0003,2.0971707446665704,-0.04098737984895706,0.20285870134830475,0.034998003,0.2,829,0.9608920216560364,0.34509493670886077,-0.014959629971086037
1507328,1000.0,92,6502,231,1320.37927136,0.002995002385468619,0.0003,2.135868417154444,0.0006750342436134815,0.2027500420808792,0.028844254,0.2,831,0.9206162095069885,0.33326887376237624,0.0017003479625771541
1523712,1000.0,93,6517,233,1325.0385824500004,0.0006195135440507829,0.0003,2.170513597526991,-0.022524243220686913,0.20182539522647858,0.0319223,0.2,837,0.943919837474823,0.34564667630057805,-0.014249552326610668
1540096,1000.0,94,6532,235,1324.90312787,0.0006594668697709075,0.0003,2.2269950815347523,-0.037777479737997055,0.20070962607860565,0.034918137,0.2,843,0.9580475091934204,0.33393028846153844,-0.0112996371040264
1556480,1000.0,95,6548,237,1325.78260791,0.0010092997977257713,0.0003,2.2791756309625755,-0.042267877608537674,0.20014028251171112,0.032784503,0.2,848,0.955663800239563,0.34629949904580154,-0.00949754025467195
1572864,1000.0,96,6564,239,1324.2805073299999,0.0006888245749998963,0.0003,2.322525657107889,-0.025501014664769173,0.19936047494411469,0.030785117,0.2,853,0.9476486444473267,0.35367435954063603,-0.008849710838987687
1589248,1000.0,97,6581,241,1327.3861680599998,0.0011605249740669068,0.0003,2.3607546518864244,-0.023950528353452682,0.19867044687271118,0.034952875,0.2,857,0.9563175439834595,0.3343488337320574,-0.008898795551161447
1605632,1000.0,98,6595,243,1328.5313554400002,0.0005970020324805522,0.0003,2.4239674145201118,-0.026532229036092758,0.19754354655742645,0.03290146,0.2,862,0.9649717211723328,0.34355533637873753,-0.011243696908537682
1622016,1000.0,99,6605,245,1324.7452156600002,0.0008232866340210732,0.0003,2.518968414354928,-0.018916619941592216,0.19592870771884918,0.040007275,0.2,869,0.956778883934021,0.37325949367088607,-0.012441773722066155
1638400,1000.0,100,6623,247,1325.16497966,0.0011366021110165013,0.0003,2.5670853930970896,-0.005540384445339441,0.19554655253887177,0.030583035,0.2,872,0.9580401182174683,0.3477623980978261,-0.00422802722364988
1654784,1000.0,101,6640,249,1325.1726798999998,0.0008554549018251361,0.0003,2.5826952793524653,-0.010445358231663704,0.1952827423810959,0.032448567,0.2,876,0.9507513046264648,0.35077092511013214,-0.0035433239169677284
1671168,1000.0,102,6654,251,1325.21828091,0.0006304940157733335,0.0003,2.6232189078080026,-0.03134465962648392,0.19423533976078033,0.032377396,0.2,881,0.96281898021698,0.35712719298245615,-0.008638797121187836
1687552,1000.0,103,6670,252,1329.6248738000002,0.0004406650293900339,0.0003,2.6820480330916476,-0.028602497652173042,0.1933688074350357,0.031822987,0.2,885,0.9621436595916748,0.345703125,-0.0080428935629739
1703936,1000.0,104,6682,254,1330.31686407,0.0006883212765992318,0.0003,2.7441829316595565,-0.026970332488417625,0.1924687772989273,0.031538125,0.2,891,0.9580603837966919,0.34942469555873923,-0.012463064247176563
1720320,1000.0,105,6699,256,1332.2319242100002,0.001822137669258719,0.0003,2.7741427188632133,-0.023380879312753677,0.1923431009054184,0.030228203,0.2,894,0.9350670576095581,0.3391029094827586,-0.002379533738411706
1736704,1000.0,106,6714,258,1337.17636451,0.0007229972280811126,0.0003,2.8023436293005943,-0.013891704380512238,0.19152355194091797,0.032653116,0.2,898,0.9621988534927368,0.344573974609375,-0.009906772829708643
1753088,1000.0,107,6733,260,1336.4027810899997,0.0006216521787858249,0.0003,2.850509024014438,-0.03128407523036003,0.19070081412792206,0.030860223,0.2,901,0.9290186762809753,0.3257584397810219,0.0003007468087666661
1769472,1000.0,108,6751,262,1332.7803112299998,0.0019898338718727852,0.0003,2.884797449906667,-0.01001077238470316,0.19049043953418732,0.03096472,0.2,903,0.9177441000938416,0.3518880208333333,0.0017348792986012994
1785856,1000.0,109,6770,263,1334.36357555,0.0011510683922097086,0.0003,2.885277339390346,-0.005266731604933739,0.1905149221420288,0.039327305,0.2,905,0.9233219623565674,0.32142857142857145,0.009139757520253105
1802240,1000.0,110,6784,265,1336.28657517,0.0005255608684556269,0.0003,2.9332503831904866,-0.03448307141661644,0.18936611711978912,0.030567085,0.2,910,0.9641053676605225,0.3435235507246377,-0.01037890419019791
1818624,1000.0,111,6797,267,1336.7170580999998,0.0008060505184219728,0.0003,2.985480363629445,-0.0026789377443492413,0.18863452970981598,0.030552771,0.2,914,0.9580367803573608,0.34246980042016806,-0.0074176320428529586
1835008,1000.0,112,6813,269,1335.8053264399998,0.0007608308463305649,0.0003,3.011391630437639,-0.010688172653317451,0.18838916718959808,0.032449212,0.2,917,0.9570840001106262,0.3527777777777778,-0.0027505604485567247
1851392,1000.0,113,6823,271,1335.48269878,0.00047496784231133805,0.0003,3.0554000205875185,-0.03248397633433342,0.18741066753864288,0.04286775,0.2,923,0.9702851176261902,0.3466857531055901,-0.011153395699484632
1867776,1000.0,114,6838,273,1333.55186888,0.0011253331502722665,0.0003,3.0908410251140594,-0.013439293950796127,0.18720011413097382,0.030534118,0.2,927,0.9587756991386414,0.33114858774038464,-0.004795350450037334
1884160,1000.0,115,6854,274,1336.13752225,0.0009192073748575136,0.0003,3.125370243251724,0.0016526192193850875,0.1864333599805832,0.03138582,0.2,930,0.9571342468261719,0.3338401845637584,-0.0009135375543178728
1900544,1000.0,116,6870,276,1334.48894251,0.0006083280889264818,0.0003,3.185647536862281,-0.022996515035629272,0.1853763610124588,0.03297552,0.2,933,0.9621543884277344,0.33389616935483873,-0.0007056018728162012
1916928,1000.0,117,6882,278,1332.29749695,0.0010988075843091462,0.0003,3.229108134905497,-0.022807776927947998,0.18513421714305878,0.03858298,0.2,938,0.9417157173156738,0.37696792140151514,-0.005094333969860931
1933312,1000.0,118,6900,280,1333.30063154,0.0011627351680848126,0.0003,3.233203214757583,-0.0025668232701718807,0.18509118258953094,0.031588227,0.2,940,0.9403750896453857,0.3583409926470588,0.005393810748286983
1949696,1000.0,119,6911,282,1333.74521855,0.0006007885849916941,0.0003,3.278197487047614,-0.01759941875934601,0.1838773488998413,0.029962905,0.2,945,0.9603105783462524,0.34460676115241634,-0.009147392224942829
1966080,1000.0,120,6926,283,1336.6814981600003,0.0005127969949519847,0.0003,3.3283110958464603,-0.011959651485085487,0.18324269354343414,0.030491168,0.2,948,0.9588415622711182,0.33604138962765956,-0.0032231523135201412
1982464,1000.0,121,6937,285,1336.31400965,0.0007705886842365768,0.0003,3.38050043064615,-0.02557947300374508,0.1825648993253708,0.035318084,0.2,953,0.9660428166389465,0.35466202445652173,-0.008839059686895622
1998848,1000.0,122,6949,287,1327.39498149,0.0015227223149708753,0.0003,3.4123317963868667,-0.03340774402022362,0.1822102814912796,0.035329726,0.2,957,0.9443172812461853,0.3745638652912621,-0.003844483445841566
2015232,1000.0,123,6965,289,1330.19363982,0.0028948305654181643,0.0003,3.424469763949766,0.013621276244521141,0.1821635216474533,0.031432595,0.2,959,0.927490770816803,0.3462658898305085,0.0053079167353305015
2031616,1000.0,124,6977,291,1324.46449222,0.001606370418159154,0.0003,3.438663231862056,0.005666275508701801,0.18189726769924164,0.03474117,0.2,963,0.9293960332870483,0.36407602813852813,-0.0038434581899636495
2048000,1000.0,125,6993,292,1319.97177335,0.0015037457607867358,0.0003,3.4482783854586407,0.010592278093099594,0.18193013966083527,0.029439205,0.2,965,0.9372102618217468,0.32054004854368934,0.005017657676096824
2064384,1000.0,126,7011,294,1319.52211833,0.0027962098786331437,0.0003,3.4435688654581704,-0.00502270320430398,0.18194864690303802,0.025725374,0.2,966,0.9161366820335388,0.32826967592592593,0.011185331813370189
2080768,1000.0,127,7027,296,1319.94021645,0.001417245684411034,0.0003,3.453013984636329,-0.01651610992848873,0.1816115379333496,0.031666722,0.2,968,0.9554389119148254,0.3148796695402299,0.002138756253039357
2097152,1000.0,128,7042,297,1328.9657055999999,0.0008606165970294652,0.0003,3.4693644523620604,0.02831411361694336,0.18146423995494843,0.030398628,0.2,970,0.9583311676979065,0.33188920454545456,0.0050357951867309484
2113536,1000.0,129,7054,299,1333.75300987,0.0007658798224811378,0.0003,3.5142003769921786,-0.04086969047784805,0.18039925396442413,0.037991334,0.2,974,0.9540577530860901,0.3774752475247525,-0.002536986298665478
2129920,1000.0,130,7072,301,1337.3098959000001,0.0009639315991582157,0.0003,3.5457360333409804,0.012871808372437954,0.18034188449382782,0.024258912,0.2,975,0.9672774076461792,0.3173491379310345,0.004275736302651208
2146304,1000.0,131,7083,302,1334.68531571,0.0005926318836567848,0.0003,3.5544210310493196,-0.028545185923576355,0.18004262447357178,0.034681745,0.2,979,0.9677907228469849,0.3674839564732143,-0.0067776096173994506
2162688,1000.0,132,7091,304,1340.7517897,0.0006771170351633124,0.0003,3.5964571634928384,-0.022189177572727203,0.17945916950702667,0.032458644,0.2,985,0.9637954831123352,0.3611032196969697,-0.008453834721832677
2179072,1000.0,133,7106,306,1338.3959027600001,0.001177874744046546,0.0003,3.6095217977251326,-2.5166693376377225e-05,0.17937910556793213,0.023469074,0.2,986,0.960204005241394,0.31431361607142855,0.012572015643984611
2195456,1000.0,134,7119,308,1334.22998813,0.0011131348971838107,0.0003,3.6206235226831938,-0.012204857543110847,0.17910443246364594,0.032758553,0.2,989,0.9581576585769653,0.35127981085526316,-0.00030646185347761373
2211840,1000.0,135,7136,309,1332.3368946599999,0.0012667881871143785,0.0003,3.628046292525071,0.013634727336466312,0.17917384207248688,0.050522987,0.2,991,0.9556759595870972,0.33888221153846154,0.01232183940278796
2228224,1000.0,136,7149,311,1331.56939412,0.0007953425721401193,0.0003,3.6380725880463918,-0.015225859358906746,0.17885656654834747,0.02727529,0.2,993,0.956548810005188,0.31927083333333334,0.0037715076507690054
2244608,1000.0,137,7163,313,1332.06818352,0.0012460006886006643,0.0003,3.651546365684933,-0.009587111882865429,0.1787460297346115,0.029737264,0.2,995,0.9338740110397339,0.3542751736111111,0.005772850637893296
2260992,1000.0,138,7179,314,1326.71117108,0.0019920446425296216,0.0003,3.6580391222116897,0.030830202624201775,0.17865429818630219,0.025845662,0.2,996,0.9480456113815308,0.32876275510204084,0.011965461469692538
2277376,1000.0,139,7186,316,1330.65787048,0.0009124286908215555,0.0003,3.664647846459494,-0.020332355052232742,0.17841066420078278,0.033799626,0.2,1001,0.9511007070541382,0.36054270462633453,-0.007775797682658527
2293760,1000.0,140,7198,318,1331.94397379,0.0005778602200969603,0.0003,3.692693384744788,-0.011574248783290386,0.17802666127681732,0.031108385,0.2,1004,0.9469096064567566,0.3631132392473118,-0.000734880616668091
2310144,1000.0,141,7208,320,1335.56046848,0.0008368718596425552,0.0003,3.716951722296599,-0.022740520536899567,0.1776113510131836,0.032765415,0.2,1008,0.9652369618415833,0.3422897196261682,-0.006984178034510359
2326528,1000.0,142,7220,322,1335.53977178,0.000596252652904914,0.0003,3.7389875197595406,-0.034599386155605316,0.17725354433059692,0.056285057,0.2,1011,0.95867520570755,0.3459907945736434,0.0014416803804392269
2342912,1000.0,143,7231,323,1336.9977445200002,0.0008569784204675151,0.0003,3.763298409325736,-0.026106901466846466,0.17700068652629852,0.0366474,0.2,1014,0.963911771774292,0.35103236607142857,0.004390423844701477
2359296,1000.0,144,7246,325,1341.81360673,0.001708340652491132,0.0003,3.7808678378797556,-0.008071505464613438,0.17680060863494873,0.037104364,0.2,1016,0.9341771006584167,0.3566459760273973,0.010581322103636721
2375680,1000.0,145,7255,327,1341.68029011,0.0005041607801796913,0.0003,3.8191826831726803,-0.03200399875640869,0.17594237625598907,0.031186989,0.2,1020,0.9624959230422974,0.3469122023809524,-0.0035840545099095574
2392064,1000.0,146,7265,329,1345.26280719,0.00047649220152602446,0.0003,3.8605509643652,-0.029928483068943024,0.1754315346479416,0.0404246,0.2,1024,0.963522732257843,0.3537747130102041,-0.0035577611189943795
2408448,1000.0,147,7276,330,1344.4496107999998,0.0006161620052650651,0.0003,3.9020166691438654,-0.029161445796489716,0.17483146488666534,0.030437637,0.2,1027,0.9720864295959473,0.34476273148148145,-0.0007974547132803702
2424832,1000.0,148,7289,332,1342.13695516,0.0011273271043642631,0.0003,3.928884744644165,-0.02045390196144581,0.17462895810604095,0.031442218,0.2,1029,0.9685776829719543,0.3172743055555556,0.012231783281701306
2441216,1000.0,149,7298,334,1339.85561663,0.0009934403487406132,0.0003,3.935474858796301,-0.029803229495882988,0.17445029318332672,0.03316354,0.2,1033,0.9546008706092834,0.3516270661157025,-0.005692522333981084
2457600,1000.0,150,7309,336,1338.3314303000004,0.0012433294389684428,0.0003,3.946166016111438,-0.0019481995841488242,0.17449569702148438,0.03396067,0.2,1036,0.9486156105995178,0.3487835570469799,-0.0009370775574555733
2473984,1000.0,151,7318,338,1338.1000046400002,0.0008445920468368959,0.0003,3.9477201934172728,-0.01832466386258602,0.17430369555950165,0.030578611,0.2,1038,0.9435529112815857,0.3360105140186916,0.003795518666053208
2490368,1000.0,152,7329,339,1335.62896692,0.0010516640824740815,0.0003,3.963259111314812,-0.023859867826104164,0.17412059009075165,0.03727197,0.2,1041,0.9534379243850708,0.3600304110738255,0.0017115194663005387
2506752,1000.0,153,7344,341,1333.07750096,0.0011901275608509493,0.0003,3.9670546238238993,0.013101487420499325,0.1741761416196823,0.022282358,0.2,1042,0.95479416847229,0.29251802884615385,0.00413561281031714
2523136,1000.0,154,7355,343,1329.83221143,0.0016785785651575822,0.0003,3.9751016215274206,-0.011281071230769157,0.17391102015972137,0.033658992,0.2,1045,0.9429649710655212,0.3396124588815789,-0.0002325917333732114
2539520,1000.0,155,7368,344,1333.6249151599998,0.0009475741236376653,0.0003,3.995384176936718,0.00794625747948885,0.17373134195804596,0.030199924,0.2,1047,0.9450579881668091,0.32221186926605505,0.00428146482317136
2555904,1000.0,156,7377,346,1335.4127949499996,0.0008045441376413891,0.0003,4.019447600777774,-0.021870452910661697,0.17315489053726196,0.031215997,0.2,1050,0.947938859462738,0.3641585895721925,-0.0018112621454392526
2572288,1000.0,157,7390,348,1332.19796563,0.000708344456585552,0.0003,4.04344603822038,0.050999920815229416,0.17294879257678986,0.02390498,0.2,1051,0.9494219422340393,0.3117609797297297,0.012279584223555552
2588672,1000.0,158,7400,349,1332.53466072,0.0019497026092393842,0.0003,4.052590269791453,-0.02797413244843483,0.1729838103055954,0.041478336,0.2,1054,0.9267793297767639,0.35825892857142855,0.00462283594253704
2605056,1000.0,159,7407,351,1333.5679177800002,0.0012592673085567066,0.0003,4.05784900681379,-0.011545075103640556,0.1727638989686966,0.032449137,0.2,1058,0.9372304677963257,0.36407238924050633,-0.0040281039204857145
2621440,1000.0,160,7417,353,1337.9866726300002,0.0008690079999064187,0.0003,4.064773643409813,-0.017355618998408318,0.17269885540008545,0.03074948,0.2,1060,0.9629423022270203,0.34190418956043955,0.006010673686882461
2637824,1000.0,161,7430,355,1337.7570336800002,0.0006894796280257945,0.0003,4.077477693557739,0.03594616428017616,0.17242760956287384,0.025931997,0.2,1061,0.9641703367233276,0.3399697580645161,0.014141687867982734
2654208,1000.0,162,7441,356,1335.62527808,0.0014736645729925008,0.0003,4.092544931046506,-0.0128495367243886,0.17228461802005768,0.03304399,0.2,1063,0.9364249110221863,0.34599401595744683,0.004959960458205736
2670592,1000.0,163,7447,358,1332.21676055,0.0005901976227952697,0.0003,4.1231035580069335,-0.012018350884318352,0.1715826541185379,0.03327376,0.2,1067,0.9676343202590942,0.3623046875,-0.006671932916614717
2686976,1000.0,164,7458,360,1334.4478451400003,0.0009409628735023138,0.0003,4.142575658735682,0.01341481227427721,0.17162759602069855,0.0326245,0.2,1069,0.9642078280448914,0.370453381147541,0.006427371532839463
2703360,1000.0,165,7463,362,1332.63504118,0.0007920087659120459,0.0003,4.139715300426224,-0.012227143160998821,0.1716584712266922,0.031244265,0.2,1073,0.9637612104415894,0.3625919117647059,-0.0007193794124232967
2719744,1000.0,166,7471,364,1329.66203581,0.000934924540000365,0.0003,4.148098389732646,-0.013730467297136784,0.17153219878673553,0.028764827,0.2,1076,0.9555271863937378,0.33712817513368987,-0.00186858912133039
2736128,1000.0,167,7479,365,1329.8891873900002,0.0006612557173511228,0.0003,4.170075068528625,0.0005742260254919529,0.17101113498210907,0.029061366,0.2,1079,0.9627206921577454,0.34687051005747127,-0.0005751733919712661
2752512,1000.0,168,7490,367,1331.38559538,0.0008811287955976412,0.0003,4.187666056586093,0.033599693328142166,0.17092926800251007,0.02261871,0.2,1080,0.9749562740325928,0.30411116803278687,0.012348205278642842
2768896,1000.0,169,7499,369,1328.18173639,0.0010989465579443528,0.0003,4.1930972153578345,0.008008058182895184,0.17075836658477783,0.03045654,0.2,1082,0.9567698240280151,0.3319677337398374,0.0067371184487138094
2785280,1000.0,170,7511,370,1323.9646374600002,0.0019439896568655968,0.0003,4.208767863939393,0.004066029563546181,0.17060323059558868,0.024184842,0.2,1083,0.9133105278015137,0.31441627358490565,0.013549305314092704
2801664,1000.0,171,7519,372,1328.6183591300003,0.0017445343142539701,0.0003,4.218299133637372,-0.0017982246354222298,0.17049849033355713,0.030966314,0.2,1086,0.9395496845245361,0.3609375,0.0019683734376860014
2818048,1000.0,172,7530,374,1324.68918255,0.0010505161301877636,0.0003,4.225879174012404,0.004427289590239525,0.17039084434509277,0.026970657,0.2,1087,0.9573773145675659,0.3390925480769231,0.012635258169701466
2834432,1000.0,173,7542,375,1322.3771781,0.0031762117266720324,0.0003,4.226383769721315,0.03457123041152954,0.17049060761928558,0.023298668,0.2,1088,0.9277803301811218,0.31469298245614036,0.013388997842476033
2850816,1000.0,174,7553,377,1322.5178286500002,0.00231802721348841,0.0003,4.220146481583758,0.03952305018901825,0.17051935195922852,0.028326489,0.2,1089,0.8447065353393555,0.3433689024390244,0.012611447390532347
2867200,1000.0,175,7556,379,1323.42602296,0.0006687020084077339,0.0003,4.235814795946127,-0.016872229054570198,0.1702006310224533,0.03457474,0.2,1095,0.9527281522750854,0.3706039755351682,-0.009175320712006465
2883584,1000.0,176,7565,381,1327.64570228,0.0010575185588095337,0.0003,4.253921615600586,-0.0003051930689252913,0.16993217170238495,0.032683223,0.2,1097,0.9528536200523376,0.35246875,0.0055791847798973325
2899968,1000.0,177,7574,382,1326.88746655,0.0009434323136312221,0.0003,4.263500162533352,0.020985117182135582,0.1697966307401657,0.024184307,0.2,1098,0.9497389793395996,0.31815011160714285,0.013726284660931145
2916352,1000.0,178,7585,384,1334.99943277,0.001357389442134826,0.0003,4.271899177914574,0.013856364414095879,0.16977965831756592,0.022111515,0.2,1099,0.9135112762451172,0.28087797619047616,0.0073674990839901425
2932736,1000.0,179,7595,386,1339.4801917700001,0.0005386658287914163,0.0003,4.282938338898041,0.010401908308267593,0.16944243013858795,0.030533588,0.2,1101,0.9631985425949097,0.33383413461538464,0.0068808627099945
2949120,1000.0,180,7605,387,1335.61089075,0.0007494910940704999,0.0003,4.299213772088709,0.014165465719997883,0.1693633794784546,0.034210972,0.2,1103,0.9581264853477478,0.3280149647887324,0.01322488472993735
2965504,1000.0,181,7612,389,1334.0361700300002,0.0010407986372609301,0.0003,4.317654870997714,0.0052257925271987915,0.16897934675216675,0.03271268,0.2,1106,0.9326213598251343,0.3459127824858757,0.000572441422017449
2981888,1000.0,182,7623,391,1330.75664237,0.0018285698304815149,0.0003,4.321108129289415,0.03920009359717369,0.16909970343112946,0.021914734,0.2,1107,0.938148021697998,0.28877314814814814,0.010786387194120497
2998272,1000.0,183,7632,392,1329.06003306,0.0013904438378769114,0.0003,4.322045066139915,0.0008514838991686702,0.1690586805343628,0.043467633,0.2,1109,0.9214165210723877,0.3462949810606061,0.01236921063426769
3014656,1000.0,184,7639,394,1323.9359874999998,0.0018750172245722168,0.0003,4.334766564002404,-0.030715344473719597,0.16880135238170624,0.04418391,0.2,1113,0.9322205185890198,0.3600761217948718,-0.0015334752591279074
