rollout/ep_len_mean,rollout/ep_rew_mean,time/time_elapsed,time/iterations,time/total_timesteps,time/fps,train/explained_variance,train/clip_fraction,train/clip_range,train/policy_gradient_loss,train/loss,train/n_updates,train/entropy_loss,train/learning_rate,train/value_loss,train/std,train/approx_kl
1000.0,1281.0019060625,1,1,16384,10449,,,,,,,,,,,
1000.0,1287.0315187812498,3,2,32768,9756,0.9227039813995361,0.3367583786231884,0.2,0.00308427847314464,0.003158088307827711,1313,3.717016050781029,0.0003,0.003010418165670843,0.17816245555877686,0.038007613
1000.0,1274.1424718125002,5,3,49152,9482,0.8968124389648438,0.36300823252688175,0.2,0.0005915622685044523,-0.01573554426431656,1316,3.718521547573869,0.0003,0.0029261502310863985,0.17827408015727997,0.03368188
1000.0,1275.498093953125,7,4,65536,8842,0.8086050152778625,0.38454957134955753,0.2,-0.011708185803536655,-0.038398027420043945,1324,3.7049739519051745,0.0003,0.005616268157996073,0.17864151298999786,0.042256575
1000.0,1278.7803471,9,5,81920,8724,0.8282883167266846,0.3756776147959184,0.2,-0.005031382727601445,-0.028682610020041466,1329,3.6890425990227937,0.0003,0.003276858730621788,0.1788482666015625,0.03298445
1000.0,1280.1399417187502,11,6,98304,8769,0.8982994556427002,0.36233618951612906,0.2,-0.002871360742456971,-0.016461849212646484,1332,3.6769434803275654,0.0003,0.0034266792210219527,0.17906881868839264,0.03230142
1000.0,1283.8204656500002,13,7,114688,8762,0.8874959349632263,0.3616456280788177,0.2,-0.00011913775319573033,-0.016184723004698753,1336,3.662268005568406,0.0003,0.003081712417598135,0.1790955513715744,0.036240306
1000.0,1279.7969938199997,14,8,131072,8813,0.9018547534942627,0.3684979838709677,0.2,-0.0012030240268476548,-0.023880857974290848,1339,3.653224048306865,0.0003,0.0032302055530430327,0.17942087352275848,0.03608856
1000.0,1277.46968048,16,9,147456,8831,0.8285053968429565,0.36218584656084657,0.2,0.0018013252324804111,0.027145881205797195,1342,3.6612206905607194,0.0003,0.00392227020439884,0.17897988855838776,0.030823542
1000.0,1280.4818823899998,18,10,163840,8769,0.7348145246505737,0.3782596982758621,0.2,-0.0056614761056121565,-0.017537526786327362,1347,3.6626036479555326,0.0003,0.006654844765455045,0.1794358491897583,0.03662707
1000.0,1273.06733758,20,11,180224,8804,0.851546049118042,0.33672896241830064,0.2,0.0033455277135705248,-0.027887577190995216,1350,3.643204489564584,0.0003,0.003716477342071681,0.1794678419828415,0.029698413
1000.0,1264.2404749399998,22,12,196608,8781,0.8586134314537048,0.36948910788381745,0.2,-0.002711813643775664,-0.005366976372897625,1354,3.6440844575399187,0.0003,0.004013834839988175,0.17942751944065094,0.032298945
1000.0,1258.4743068899998,23,13,212992,8876,0.7642955780029297,0.3107638888888889,0.2,0.013301056117698964,0.020834486931562424,1355,3.6463667021857367,0.0003,0.010375513953881131,0.17929069697856903,0.023759399
1000.0,1247.40691187,25,14,229376,8937,0.8011372089385986,0.314404296875,0.2,0.007832702135783621,0.012767351232469082,1357,3.6517356753349306,0.0003,0.006405649601947516,0.17923004925251007,0.02952434
1000.0,1249.77718879,27,15,245760,8966,0.7688872218132019,0.3547676282051282,0.2,0.007003571615259872,0.0015689616557210684,1359,3.652395403283274,0.0003,0.006291754655221589,0.17938606441020966,0.031341784
1000.0,1250.9286987,29,16,262144,8921,0.8284621238708496,0.36553030303030304,0.2,-0.007209772145319165,-0.026267947629094124,1364,3.6476373271107274,0.0003,0.004499116631049149,0.17934226989746094,0.03378182
1000.0,1259.11917211,31,17,278528,8977,0.8574361801147461,0.3104508196721312,0.2,0.013747109646038687,0.05584981292486191,1365,3.6552765291245257,0.0003,0.004022205019461327,0.17926424741744995,0.023601027
1000.0,1253.87941476,32,18,294912,8978,0.846943736076355,0.3602627840909091,0.2,0.0021576105103701016,0.050979942083358765,1368,3.6463149555704812,0.0003,0.0031951382975834845,0.17940370738506317,0.030305589
1000.0,1264.25546257,34,19,311296,8900,0.8538221716880798,0.35485298645320196,0.2,-0.010888995552834655,-0.03713544085621834,1375,3.641587378943495,0.0003,0.004029152255959515,0.17941777408123016,0.034160793
1000.0,1274.50882565,36,20,327680,8887,0.8456987142562866,0.3528645833333333,0.2,-0.004642645453956599,-0.021296782419085503,1379,3.635900765657425,0.0003,0.0031540622701868417,0.1795668751001358,0.030501468
1000.0,1279.7377915700001,38,21,344064,8868,0.9094434380531311,0.38178868447580644,0.2,-0.00621965397506081,-0.0028476794250309467,1383,3.6415944416676798,0.0003,0.0024801210078763806,0.17950092256069183,0.034997366
1000.0,1275.9396135200002,40,22,360448,8836,0.903696596622467,0.38648388053797467,0.2,-0.007738405576305864,-0.007333557121455669,1388,3.647767600379413,0.0003,0.003200064784599633,0.17936141788959503,0.03663103
1000.0,1279.25751043,42,23,376832,8833,0.9170472621917725,0.3637571383248731,0.2,-0.004134388974995404,-0.0038157152011990547,1392,3.6471369677993852,0.0003,0.00318973860939785,0.1793813556432724,0.036659844
1000.0,1287.7284936400001,44,24,393216,8818,0.8657307624816895,0.3683006800518135,0.2,0.0009830617780165042,-0.00456421310082078,1396,3.6514690935302894,0.0003,0.0025968791710676074,0.1792941689491272,0.04737579
1000.0,1289.33695448,46,25,409600,8783,0.89012610912323,0.3873512961647727,0.2,-0.007908422763152472,-0.03125274181365967,1402,3.664935784583742,0.0003,0.002352806495103075,0.1789664775133133,0.035702467
1000.0,1286.44767069,48,26,425984,8800,0.8961583971977234,0.3534606073943662,0.2,0.003474420520254004,0.0005279493052512407,1405,3.667749905250442,0.0003,0.003071581320115693,0.1792435646057129,0.034175914
1000.0,1289.8630948599998,50,27,442368,8835,0.9169420599937439,0.30093149038461536,0.2,0.011090750555292917,0.009128877893090248,1406,3.652111585323627,0.0003,0.003539968111838859,0.17926496267318726,0.022896834
1000.0,1296.00003783,51,28,458752,8855,0.8829563856124878,0.3575384794776119,0.2,0.004807161898769216,-0.018228061497211456,1409,3.6616502644410773,0.0003,0.002151595142760328,0.17908068001270294,0.043074653
1000.0,1296.6268476599998,53,29,475136,8895,0.8713186979293823,0.3235085227272727,0.2,0.013074601464199297,0.022929882630705833,1410,3.6675444733012807,0.0003,0.002654658775127521,0.17903564870357513,0.02552353
1000.0,1294.2805910799998,55,30,491520,8906,0.8886528015136719,0.36325799851190477,0.2,0.0015294161941190915,-0.01565677858889103,1413,3.665644170272918,0.0003,0.003186008230494779,0.17916961014270782,0.034404933
1000.0,1297.08387873,57,31,507904,8885,0.9153890609741211,0.392565190397351,0.2,-0.009550978258461846,-0.0194949209690094,1418,3.677595403020745,0.0003,0.002792817928260871,0.17875297367572784,0.035823118
1000.0,1293.53929,59,32,524288,8867,0.8395997285842896,0.3659402412280702,0.2,-0.007931213850449575,-0.014851707965135574,1423,3.702509362237495,0.0003,0.0024688839924668794,0.1784314513206482,0.036041543
1000.0,1294.9323879800002,61,33,540672,8848,0.8273367285728455,0.36188412408759124,0.2,-0.0029690364336622133,-0.016160691156983376,1428,3.7098620738426265,0.0003,0.004028985054184594,0.17836536467075348,0.0376636
1000.0,1292.4896518,63,34,557056,8834,0.8296371698379517,0.37318084386281586,0.2,-0.006737723467041089,-0.02549697458744049,1433,3.724328711575119,0.0003,0.0033583131716300864,0.17813491821289062,0.035340656
1000.0,1285.94993146,64,35,573440,8840,0.9010169506072998,0.3507731541450777,0.2,-0.0011033025242079416,-0.013433650135993958,1437,3.7383085754868897,0.0003,0.0026945216458175002,0.1779271364212036,0.04783827
1000.0,1277.3830413,66,36,589824,8843,0.8905110359191895,0.36305370145631066,0.2,-0.00272222082650524,-0.0316554419696331,1441,3.744056016496084,0.0003,0.004754163223110791,0.17802660167217255,0.036441833
1000.0,1277.37318192,68,37,606208,8829,0.9046998023986816,0.3675524437716263,0.2,-0.007254852831144543,-0.02781924232840538,1446,3.741840052357182,0.0003,0.0036620511101384786,0.17787893116474152,0.033206798
1000.0,1275.0374551300001,70,38,622592,8808,0.8914324045181274,0.3707254464285714,0.2,-0.007985933325253427,-0.006481342948973179,1452,3.756514771325248,0.0003,0.0023728940825510237,0.17778007686138153,0.035631776
1000.0,1274.2166448899998,72,39,638976,8815,0.9300938844680786,0.3473307291666667,0.2,-0.0027038886194835263,-0.02070523239672184,1455,3.744415957480669,0.0003,0.0030162997682054993,0.17819547653198242,0.030801801
1000.0,1270.21875123,74,40,655360,8812,0.8869901895523071,0.37182291666666667,0.2,-0.0042042979494565065,0.023511290550231934,1459,3.7383493942684596,0.0003,0.0031016687117516994,0.1779995709657669,0.032835364
1000.0,1270.1801435500001,76,41,671744,8828,0.909712553024292,0.34010036496350365,0.2,0.0034794181442554415,-0.023778991773724556,1462,3.746393661429412,0.0003,0.003561377241514134,0.17789657413959503,0.036062703
1000.0,1272.83203359,77,42,688128,8824,0.9117772579193115,0.36171221234309625,0.2,-0.0045237375703877985,-0.015379815362393856,1466,3.7582562787762246,0.0003,0.0021470056614881403,0.1778450459241867,0.033074327
1000.0,1271.7263724099998,79,43,704512,8819,0.8245536088943481,0.3605895483193277,0.2,-0.001794259316295761,-0.024567442014813423,1470,3.7484997591050733,0.0003,0.005590243662214454,0.1779690533876419,0.032851875
1000.0,1277.01484244,81,44,720896,8846,0.8880279064178467,0.3161798007246377,0.2,0.011755563770893259,-0.00559793459251523,1472,3.7500724343286045,0.0003,0.0030863246057128563,0.1778772473335266,0.03653756
1000.0,1282.06823336,83,45,737280,8833,0.8910416960716248,0.37445396505376344,0.2,-0.006827417068437116,-0.026457317173480988,1477,3.7589364923456663,0.0003,0.0017657948300696402,0.17770524322986603,0.034778953
1000.0,1284.44357239,85,46,753664,8810,0.8622487783432007,0.3912744017632242,0.2,-0.011341240520938593,-0.021019890904426575,1484,3.7677799790572157,0.0003,0.002070780941730914,0.17766337096691132,0.039159197
1000.0,1284.77251906,87,47,770048,8817,0.8618108034133911,0.3630777994791667,0.2,0.002575145961600356,0.0004631092888303101,1487,3.7847817999621234,0.0003,0.002311812842890504,0.1773185133934021,0.031870667
1000.0,1288.6014925700001,88,48,786432,8839,0.868868887424469,0.312890625,0.2,0.011044317088089884,0.02282829023897648,1488,3.7911646246910093,0.0003,0.003005553302743162,0.177301287651062,0.022676187
1000.0,1291.32855128,90,49,802816,8841,0.8855640292167664,0.38545646834061137,0.2,-0.0034764230649869513,-0.02739788591861725,1492,3.790186218819764,0.0003,0.0026571928263198603,0.17736442387104034,0.03436106
1000.0,1285.13699846,92,50,819200,8856,0.8641923069953918,0.33028846153846153,0.2,0.003234789248269338,-0.0021118377335369587,1495,3.785305162576529,0.0003,0.0032969378812525135,0.17742055654525757,0.04565993
1000.0,1276.89211539,94,51,835584,8861,0.8226619362831116,0.3337697458791209,0.2,0.0020014201853792747,-0.001766654895618558,1498,3.7751702476333784,0.0003,0.004107571535764242,0.1775207668542862,0.029335156
1000.0,1272.81901742,96,52,851968,8867,0.6980108618736267,0.3551358309659091,0.2,0.0030632327450968496,-0.004984940402209759,1501,3.769778135147962,0.0003,0.004679225463240238,0.1776861697435379,0.030801872
1000.0,1267.53296213,98,53,868352,8854,0.8693050146102905,0.364453125,0.2,-0.007896147647331798,-0.02841886691749096,1506,3.765578696804662,0.0003,0.003194794636369953,0.17764224112033844,0.032775912
1000.0,1254.67623782,100,54,884736,8843,0.8581225275993347,0.3675299310064935,0.2,-0.007841993528478718,-0.020116718485951424,1511,3.775525094626786,0.0003,0.003476433421926597,0.17741191387176514,0.032593455
1000.0,1253.1032908199998,101,55,901120,8836,0.8131433725357056,0.3487253289473684,0.2,-0.005061066474994285,-0.018525591120123863,1516,3.7883216029719304,0.0003,0.004503182699217608,0.17729122936725616,0.02959863
1000.0,1255.67959352,103,56,917504,8825,0.8830153346061707,0.36255930280528054,0.2,-0.006302588113672761,-0.01382497139275074,1521,3.7977022361440627,0.0003,0.0025525560411209665,0.17715062201023102,0.03326063
1000.0,1266.50565304,106,57,933888,8808,0.8358893394470215,0.3762346730245232,0.2,-0.007441990980269433,-0.026596536859869957,1527,3.8258211762119054,0.0003,0.0033553884686947843,0.17655609548091888,0.03424025
1000.0,1267.5080640600002,108,58,950272,8789,0.8869824409484863,0.3753615038560411,0.2,-0.008669083647113916,-0.02522600255906582,1534,3.839080892062739,0.0003,0.002039757309119986,0.1766052097082138,0.041173726
1000.0,1279.74511239,110,59,966656,8784,0.8790414333343506,0.35575727982954547,0.2,0.0007085486034735699,-0.012832334265112877,1537,3.841696867888624,0.0003,0.002065658097721594,0.17638039588928223,0.029624091
1000.0,1287.5257655300002,111,60,983040,8790,0.9057382345199585,0.3543467420212766,0.2,0.0010306848234130426,-0.008226925507187843,1540,3.8566206034193646,0.0003,0.0016579531177140258,0.17615865170955658,0.033020396
1000.0,1295.81494476,113,61,999424,8807,0.8999390006065369,0.33447265625,0.2,0.01302636154650827,0.05283172428607941,1541,3.8616460785269737,0.0003,0.0022160405314934906,0.17617522180080414,0.0259281
1000.0,1294.0230927100001,115,62,1015808,8809,0.902226984500885,0.3584929435483871,0.2,-0.0018271922395663328,-0.01933641918003559,1545,3.855703173694523,0.0003,0.002639384630183402,0.17631904780864716,0.030572748
1000.0,1299.2205995900001,117,63,1032192,8820,0.9026751518249512,0.3596135496183206,0.2,0.005032075896062924,-0.013802928850054741,1548,3.855574842627722,0.0003,0.0024054921303257233,0.17620901763439178,0.04310364
1000.0,1301.8487983100001,118,64,1048576,8822,0.8969075083732605,0.3507238700564972,0.2,-0.0008502654931218611,0.01675744168460369,1551,3.8731984553364036,0.0003,0.0024747922871851146,0.17580437660217285,0.035877433
1000.0,1300.59946899,120,65,1064960,8829,0.8936429619789124,0.35754504504504503,0.2,0.006236724849152673,-0.007461318280547857,1553,3.885349819252083,0.0003,0.0017365666246880686,0.17581479251384735,0.030859305
1000.0,1295.88940878,122,66,1081344,8845,0.8960057497024536,0.32315848214285714,0.2,0.016195244754531553,-0.005464940331876278,1555,3.893470059122358,0.0003,0.002320307321913008,0.17549121379852295,0.040187776
1000.0,1290.1492341799997,124,67,1097728,8845,0.9058731198310852,0.3712376644736842,0.2,-0.0015097773891236438,-0.01461134385317564,1558,3.9089920169428773,0.0003,0.0030044326227844547,0.17540647089481354,0.032290824
1000.0,1291.25441823,125,68,1114112,8856,0.8749161958694458,0.3370590965346535,0.2,0.009808862595680621,0.01176433265209198,1560,3.9135436161909953,0.0003,0.00433009458788772,0.1752515286207199,0.03144479
1000.0,1284.96583643,127,69,1130496,8857,0.8850288391113281,0.3581912878787879,0.2,-0.00031539274972270835,-0.03297879919409752,1564,3.931140312040695,0.0003,0.0024182741286825726,0.17507244646549225,0.037304226
1000.0,1278.8535078300001,129,70,1146880,8863,0.8088945150375366,0.3415336879432624,0.2,0.003557941747551903,-0.0023225992918014526,1567,3.942603792704589,0.0003,0.00428048486108,0.17484967410564423,0.035680745
1000.0,1280.64050158,131,71,1163264,8865,0.8619572520256042,0.34421641791044777,0.2,-0.0007420739735851981,-0.0222445297986269,1571,3.9573508246028006,0.0003,0.0031486748849778477,0.1746484488248825,0.03319247
1000.0,1277.99502815,133,72,1179648,8868,0.8542786240577698,0.35802722953216376,0.2,0.0032170214526878113,0.02707008272409439,1574,3.9728789538667915,0.0003,0.0017204903296265772,0.17443610727787018,0.032082606
1000.0,1280.82243875,134,73,1196032,8872,0.8484493494033813,0.3692525875796178,0.2,0.00422469199231713,0.00885430071502924,1577,3.9890180211158315,0.0003,0.004006489355022171,0.17396514117717743,0.032289904
1000.0,1278.66079279,136,74,1212416,8875,0.8962973952293396,0.35606496710526314,0.2,0.00031567867110042193,-0.01611662097275257,1580,4.019827094830965,0.0003,0.002787304167194586,0.1737777441740036,0.030977832
1000.0,1282.52941077,138,75,1228800,8858,0.8644012212753296,0.36904761904761907,0.2,-0.009820729006259214,-0.043057963252067566,1586,4.021062729850648,0.0003,0.0030738988333189536,0.17379391193389893,0.03351371
1000.0,1279.98211351,140,76,1245184,8869,0.8529887199401855,0.3240559895833333,0.2,0.007263742363041577,0.0415065661072731,1588,4.033189232150714,0.0003,0.004386499739969925,0.1735786348581314,0.030920744
1000.0,1280.39043144,142,77,1261568,8871,0.8277192115783691,0.36138091216216217,0.2,0.002018631911660368,0.013698838651180267,1591,4.047751748884046,0.0003,0.004895594030165592,0.1733868271112442,0.030355446
1000.0,1280.08884375,144,78,1277952,8871,0.9167666435241699,0.36692562849162014,0.2,-0.0005457992041119317,0.009096484631299973,1594,4.05826483358884,0.0003,0.001990963412219835,0.17325793206691742,0.034317214
1000.0,1286.37135766,145,79,1294336,8871,0.8757231831550598,0.357666015625,0.2,-0.001757620180657026,-0.023358304053544998,1598,4.0779267732913675,0.0003,0.002163049799631923,0.17280226945877075,0.03505764
1000.0,1285.66216317,147,80,1310720,8867,0.9139590263366699,0.37768104243542433,0.2,-0.005655694283833693,-0.016277780756354332,1603,4.1061254286678075,0.0003,0.0029179807438779745,0.17250029742717743,0.03338664
1000.0,1286.8092646800003,149,81,1327104,8869,0.8355745077133179,0.35008500647668395,0.2,0.0013988384677801726,-0.022592930123209953,1607,4.124932358301983,0.0003,0.0035307820309725606,0.17227208614349365,0.045904137
1000.0,1292.15479616,151,82,1343488,8865,0.8672342896461487,0.36756931390977443,0.2,-0.0025760930843819353,-0.016957158222794533,1612,4.1475647517613,0.0003,0.002256225232171469,0.17180852591991425,0.038908347
1000.0,1290.4041553799998,153,83,1359872,8874,0.8856808543205261,0.3165967987804878,0.2,0.007764977505203427,-0.0012409179471433163,1614,4.164234754515857,0.0003,0.002689834899927785,0.17185644805431366,0.026429553
1000.0,1288.31864711,155,84,1376256,8872,0.9381236433982849,0.370546875,0.2,-0.00601057099737227,-0.010942939668893814,1618,4.167299022674561,0.0003,0.0019995002537034454,0.17160755395889282,0.033749294
1000.0,1288.50641948,156,85,1392640,8872,0.9320981502532959,0.37141335227272726,0.2,-0.004035543047145687,-0.023078877478837967,1622,4.179704087430781,0.0003,0.0022203572052107616,0.1715354472398758,0.03320093
1000.0,1295.13667113,158,86,1409024,8876,0.9356014132499695,0.3529076986754967,0.2,0.0019109992446094159,-0.009908275678753853,1625,4.187865626733035,0.0003,0.0020427716385560814,0.17127130925655365,0.031422917
1000.0,1295.80138763,160,87,1425408,8883,0.933882474899292,0.3362298044217687,0.2,0.00294532577370984,0.009666619822382927,1628,4.212839960240993,0.0003,0.0023191641544175593,0.17088651657104492,0.03253458
1000.0,1296.0832923200003,162,88,1441792,8885,0.8694198131561279,0.37818359375,0.2,0.0017787706619128586,0.02898060344159603,1632,4.227931685447693,0.0003,0.0025633317907340827,0.17084820568561554,0.035458636
1000.0,1299.52973338,163,89,1458176,8892,0.8225514888763428,0.3330775669642857,0.2,0.006713407999736124,0.005811885930597782,1634,4.221826110567365,0.0003,0.00225089312048762,0.1709509640932083,0.027594998
1000.0,1296.1387274099998,165,90,1474560,8893,0.8925972580909729,0.3750908430232558,0.2,-0.0007705839047598284,-0.024335211142897606,1638,4.214464269682418,0.0003,0.001943322724857649,0.1709669828414917,0.035894245
1000.0,1298.67544601,167,91,1490944,8896,0.8122433423995972,0.3675130208333333,0.2,0.001711685691892247,0.026104506105184555,1641,4.2121377636988955,0.0003,0.003226878292480251,0.17114488780498505,0.031480424
1000.0,1297.47895208,169,92,1507328,8899,0.8507051467895508,0.3559170081967213,0.2,0.007621918927084227,-0.009741928428411484,1643,4.204364182519131,0.0003,0.002308267806122293,0.17116425931453705,0.03190896
1000.0,1295.11641601,171,93,1523712,8908,0.8856585621833801,0.3466208584337349,0.2,0.009718155317255351,0.02877390943467617,1645,4.195089995142925,0.0003,0.0029288568486268802,0.17131803929805756,0.032995682
1000.0,1291.68167358,173,94,1540096,8901,0.92850661277771,0.37404816060126583,0.2,-0.008292578739892172,-0.015844929963350296,1650,4.1791597227507,0.0003,0.0024147037438063917,0.171591117978096,0.033063676
1000.0,1293.768888,174,95,1556480,8908,0.9057291746139526,0.3333213876146789,0.2,0.007688155790808004,-0.0005857313517481089,1652,4.179300535709486,0.0003,0.002228598594195594,0.17156708240509033,0.027074194
1000.0,1299.3640467399998,176,96,1572864,8900,0.9119306802749634,0.38297269321766564,0.2,-0.005526484279637739,0.0015407679602503777,1657,4.176534102166113,0.0003,0.0019181488711263526,0.1715407818555832,0.033607233
1000.0,1298.2896888500002,178,97,1589248,8905,0.8824310302734375,0.37424297480620156,0.2,0.007092288374005593,-0.019206056371331215,1660,4.197763694349185,0.0003,0.0016024360643490398,0.17107361555099487,0.045591734
1000.0,1303.53857677,180,98,1605632,8908,0.8970069885253906,0.37510731456043955,0.2,0.0008593227504496718,-0.005206146743148565,1663,4.229200633017571,0.0003,0.001853775665430086,0.17068664729595184,0.03396893
1000.0,1305.3423395500001,182,99,1622016,8904,0.9250319004058838,0.3709865196078431,0.2,-0.003941459526472232,0.0010065676178783178,1667,4.227858287212896,0.0003,0.0013777247607233186,0.17107486724853516,0.030694995
1000.0,1305.06621562,183,100,1638400,8910,0.8999440670013428,0.33993675595238093,0.2,0.00926637101275403,0.014795231632888317,1669,4.223659110447717,0.0003,0.002385633636362082,0.1707766056060791,0.029547336
1000.0,1303.52032158,185,101,1654784,8910,0.901593029499054,0.36228197674418605,0.2,-0.0006008339558489794,-0.011437676846981049,1673,4.240028971295024,0.0003,0.002234056612563341,0.17047347128391266,0.0353747
1000.0,1305.73548427,187,102,1671168,8918,0.8592004776000977,0.3365822208737864,0.2,0.00520106152748888,-0.016754750162363052,1675,4.264066265624704,0.0003,0.0016804690160833805,0.17022626101970673,0.031217989
1000.0,1304.2607777299997,189,103,1687552,8923,0.8971430659294128,0.36613016917293234,0.2,0.0056807747937010645,-0.01911390759050846,1678,4.275962377849378,0.0003,0.002382435604817885,0.17010068893432617,0.03961782
1000.0,1301.9052116999999,190,104,1703936,8922,0.899596631526947,0.37545265557939916,0.2,-0.002594666615480261,0.009165567345917225,1682,4.277713352006904,0.0003,0.0017996929708844283,0.17009474337100983,0.03424535
1000.0,1301.34675357,192,105,1720320,8925,0.9114068150520325,0.3677455357142857,0.2,0.001695093238460166,-0.008981538936495781,1685,4.29126299721854,0.0003,0.0018278776628098319,0.16989894211292267,0.032792684
1000.0,1303.38226579,194,106,1736704,8919,0.9130967259407043,0.37448990549828176,0.2,-0.005094822499376187,-0.003636362263932824,1690,4.308850734094574,0.0003,0.0021368477219888536,0.16964012384414673,0.03258651
1000.0,1304.23979781,196,107,1753088,8925,0.8309326171875,0.3595686983471074,0.2,0.005308549835785361,0.0038627481553703547,1692,4.303913463245738,0.0003,0.003461555343059715,0.16976206004619598,0.033150002
1000.0,1303.32063587,198,108,1769472,8923,0.8636234998703003,0.3766963396414343,0.2,-0.0020390909445282828,0.01069667749106884,1696,4.306612223742968,0.0003,0.0019915956151356318,0.16966348886489868,0.03339079
1000.0,1302.97682267,200,109,1785856,8923,0.9002336263656616,0.3742268880208333,0.2,0.0024115215928759426,-0.001101976027712226,1699,4.307201959192753,0.0003,0.0021029565050412202,0.16964644193649292,0.030455053
1000.0,1299.85007394,201,110,1802240,8929,0.8860817551612854,0.36185825892857143,0.2,0.0055956434558278745,0.011491178534924984,1702,4.3065770660127916,0.0003,0.0018116632534656673,0.16980014741420746,0.037101015
1000.0,1297.9504728200002,203,111,1818624,8926,0.8653326034545898,0.36659375,0.2,-0.0018951793350279332,-0.005504587199538946,1706,4.297659175872803,0.0003,0.002848400407936424,0.16994373500347137,0.031325705
1000.0,1294.11094051,205,112,1835008,8922,0.8506690263748169,0.37709263392857145,0.2,-0.004307444683841563,-0.010162970051169395,1711,4.28050958939961,0.0003,0.0032273300885987868,0.17019718885421753,0.035574075
1000.0,1291.41808518,207,113,1851392,8913,0.8416483998298645,0.3866032426075269,0.2,-0.007673129847433458,0.004093165975064039,1717,4.283491407671282,0.0003,0.0029707207060944768,0.17004366219043732,0.033621926
1000.0,1290.19226768,209,114,1867776,8908,0.8220071792602539,0.37748223244147155,0.2,-0.00531553257767572,-0.021869324147701263,1722,4.280137129053224,0.0003,0.002105412593214184,0.17017577588558197,0.037512105
1000.0,1289.0422803899999,211,115,1884160,8905,0.8957363367080688,0.376220703125,0.2,-0.0041886906050529115,-0.02546394243836403,1727,4.2752765732653,0.0003,0.002294680848803289,0.17026855051517487,0.03528174
1000.0,1285.79146525,213,116,1900544,8904,0.8446577787399292,0.37674500512295084,0.2,-0.0012152960884659627,-0.01571037620306015,1731,4.267650543666277,0.0003,0.0020919812930992147,0.17031711339950562,0.032593925
1000.0,1286.69666118,215,117,1916928,8912,0.9098132252693176,0.306739936440678,0.2,0.014937904900160887,0.017437001690268517,1732,4.269225710529392,0.0003,0.0026127417528433567,0.17030496895313263,0.023278376
1000.0,1292.97045425,216,118,1933312,8919,0.8800209760665894,0.35298627336448596,0.2,0.009249025424855334,-0.0124315544962883,1734,4.280445491042093,0.0003,0.0027606434354158207,0.1698942333459854,0.03140925
1000.0,1294.48380202,218,119,1949696,8912,0.919938325881958,0.3763423955108359,0.2,-0.006709579071289522,-0.03297583758831024,1740,4.298108072841869,0.0003,0.0022082009331839325,0.16984878480434418,0.035985347
1000.0,1289.41140374,220,120,1966080,8921,0.82399582862854,0.34844970703125,0.2,0.01629849883465795,0.044442858546972275,1741,4.301449932157993,0.0003,0.002556270757850143,0.16964800655841827,0.027727574
1000.0,1290.61083636,222,121,1982464,8923,0.8540022969245911,0.359375,0.2,1.6216976148763877e-05,-0.010115527547895908,1744,4.309692255489489,0.0003,0.003744747130083242,0.16979964077472687,0.032733813
1000.0,1294.47459191,224,122,1998848,8921,0.9042290449142456,0.37146417025862066,0.2,-0.003004636650640068,-0.024058325216174126,1748,4.314128838736435,0.0003,0.0019985354178813928,0.16955579817295074,0.03636004
1000.0,1293.21866725,225,123,2015232,8919,0.8637112379074097,0.37245526452282157,0.2,-0.004345526470497436,-0.01581762731075287,1752,4.327592188886587,0.0003,0.0019061049640650138,0.16939137876033783,0.0335094
1000.0,1293.6238744900002,227,124,2031616,8917,0.921593427658081,0.36495535714285715,0.2,-0.0044583834997202094,-0.03906390443444252,1757,4.337817311747194,0.0003,0.0024615201975927334,0.16921716928482056,0.039501756
1000.0,1295.11589157,229,125,2048000,8923,0.9193680286407471,0.3385799632352941,0.2,0.017444572918226615,-0.015851622447371483,1759,4.34522301309249,0.0003,0.0021574040686519924,0.1693272590637207,0.039768618
1000.0,1304.8272711700001,231,126,2064384,8924,0.9278039932250977,0.36152871621621624,0.2,0.0007248329124539285,-0.027897953987121582,1762,4.33130823083826,0.0003,0.001797663840792469,0.16951559484004974,0.03267881
1000.0,1304.31279563,232,127,2080768,8934,0.9368770122528076,0.30532094594594594,0.2,0.008813093290538402,-0.01056889072060585,1763,4.319627787615802,0.0003,0.0018421157728880644,0.16958272457122803,0.02272721
1000.0,1302.1971002100001,234,128,2097152,8936,0.9031882286071777,0.3502367424242424,0.2,0.001791873306148883,-0.015158949419856071,1766,4.318145821311257,0.0003,0.0023286643240487937,0.16945819556713104,0.03056932
1000.0,1310.81337654,236,129,2113536,8933,0.8943262696266174,0.3741051136363636,0.2,-0.0042194878758693285,0.0028529521077871323,1771,4.334060746973211,0.0003,0.0019060577752745965,0.16923610866069794,0.035366774
1000.0,1307.52280679,238,130,2129920,8938,0.9009628891944885,0.3567052607913669,0.2,0.005079908379380383,-0.02641819231212139,1774,4.3556001923924725,0.0003,0.0019731111363876317,0.16896258294582367,0.032552566
1000.0,1309.9322695799997,240,131,2146304,8942,0.8941473960876465,0.332958156779661,0.2,0.00542351909344858,0.028792016208171844,1776,4.35752333220789,0.0003,0.002234305563911606,0.16905570030212402,0.029748525
1000.0,1311.08193664,241,132,2162688,8949,0.9115520715713501,0.3039394946808511,0.2,0.010149616956155984,0.033794600516557693,1777,4.358887641987902,0.0003,0.0017580328003919505,0.16893796622753143,0.022656955
1000.0,1309.6290267000002,243,133,2179072,8951,0.870451807975769,0.38370122354497355,0.2,0.0029753090163308475,-0.009936065413057804,1780,4.371343236751657,0.0003,0.0016335598387134571,0.16863535344600677,0.03322451
1000.0,1312.3778705099999,245,134,2195456,8950,0.9072562456130981,0.376953125,0.2,-0.000639722347400631,-0.023399414494633675,1784,4.382185220718384,0.0003,0.001856160541229665,0.16867971420288086,0.038010318
1000.0,1310.15707615,247,135,2211840,8953,0.8849262595176697,0.3666429924242424,0.2,0.002252177961847999,-0.007039416581392288,1787,4.3868121089357315,0.0003,0.002038750523757754,0.1685435026884079,0.03018706
1000.0,1307.36561304,248,136,2228224,8956,0.876704216003418,0.3696347891566265,0.2,0.002136812099334167,-0.0033921832218766212,1790,4.39831630005894,0.0003,0.0029745577295950377,0.16843394935131073,0.03323109
1000.0,1303.90162663,250,137,2244608,8949,0.8739036321640015,0.35749421296296297,0.2,-0.008232294100359727,-0.041167180985212326,1796,4.4132914425414285,0.0003,0.0024686004523831752,0.16826124489307404,0.0425766
1000.0,1294.69748163,252,138,2260992,8955,0.8982049226760864,0.35232676630434784,0.2,0.009491746835208134,-0.004129637964069843,1798,4.412770566732987,0.0003,0.0029731958727453552,0.16831879317760468,0.03548653
1000.0,1295.04507898,254,139,2277376,8955,0.8786422610282898,0.3770820114213198,0.2,0.0023534357994511195,-0.02834050916135311,1802,4.413828861894946,0.0003,0.0023427348085182723,0.16826051473617554,0.040792957
1000.0,1290.12031658,256,140,2293760,8956,0.9372585415840149,0.37569535340314136,0.2,0.0007211661468508668,0.003945672884583473,1805,4.420483773915556,0.0003,0.002219558657507817,0.16810333728790283,0.03330998
1000.0,1290.5474397799999,257,141,2310144,8958,0.9057794213294983,0.3607874293785311,0.2,0.0006993145492496127,0.008361694402992725,1808,4.429347736013812,0.0003,0.002626660706785818,0.16802771389484406,0.031876426
1000.0,1283.88734262,259,142,2326528,8954,0.8807046413421631,0.3731214217557252,0.2,-0.003830506661835745,-0.02798384241759777,1813,4.430013343578077,0.0003,0.0025402156592574227,0.16808302700519562,0.03877839
1000.0,1288.12781079,261,143,2342912,8960,0.8360306620597839,0.3741238317757009,0.2,0.005909449490500945,0.019253265112638474,1815,4.422365264357808,0.0003,0.0034079450643926023,0.16831421852111816,0.03583978
1000.0,1295.0568674100002,263,144,2359296,8961,0.892145037651062,0.3643942039106145,0.2,0.0024025874477733114,0.016364017501473427,1818,4.427119140518444,0.0003,0.002216278144819194,0.16792626678943634,0.033139955
1000.0,1295.6020536500002,265,145,2375680,8961,0.8751527667045593,0.37270677860696516,0.2,0.0006651270124523794,-0.03665003180503845,1822,4.439760082396702,0.0003,0.0017625650029573867,0.16794729232788086,0.0363577
1000.0,1298.4350073100002,266,146,2392064,8965,0.863816499710083,0.34403125,0.2,0.006841178793460131,0.01593623496592045,1824,4.446692363739014,0.0003,0.002672863400541246,0.16779248416423798,0.029922735
1000.0,1299.0146267,268,147,2408448,8967,0.9018571376800537,0.36052139945652173,0.2,0.001665763481034209,-0.00012051279190927744,1827,4.4433349474616675,0.0003,0.0027130375440364055,0.1681206077337265,0.033912133
1000.0,1304.3078079900001,270,148,2424832,8966,0.9107887148857117,0.37861282276995306,0.2,-0.00042902056276448454,-0.02447614260017872,1831,4.444462386655136,0.0003,0.0022603116241970184,0.1677754521369934,0.03486355
1000.0,1303.95436948,272,149,2441216,8973,0.8914176225662231,0.3250679347826087,0.2,0.013843304518124332,0.04374146834015846,1832,4.453206746474557,0.0003,0.0022106895516829,0.16782128810882568,0.02445383
1000.0,1302.5385980400001,273,150,2457600,8981,0.8730303049087524,0.3145777925531915,0.2,0.015769622744397915,0.05147184059023857,1833,4.447555562283131,0.0003,0.002150256991723275,0.16786722838878632,0.025564032
1000.0,1305.4594287200002,275,151,2473984,8987,0.8810070753097534,0.3236228813559322,0.2,0.015398026230918654,0.07056614011526108,1834,4.444920766151558,0.0003,0.0020256319825174445,0.1678510159254074,0.023929626
1000.0,1311.98788883,276,152,2490368,8994,0.8396064639091492,0.3655598958333333,0.2,0.014534106617793441,0.051100753247737885,1835,4.451951050758362,0.0003,0.0031761921748208505,0.16780400276184082,0.030223459
1000.0,1310.9354036399998,278,153,2506752,9001,0.8931906819343567,0.343109631147541,0.2,0.014479607473448163,0.03829410299658775,1836,4.4532321242035415,0.0003,0.0016928291860509848,0.16777773201465607,0.026931526
1000.0,1313.52643006,280,154,2523136,9002,0.8874349594116211,0.3622135416666667,0.2,0.006275168557961782,-0.00964817963540554,1839,4.444669650395711,0.0003,0.0020201166532933714,0.16785597801208496,0.031223334
1000.0,1314.48932726,281,155,2539520,9007,0.9322853088378906,0.34909986413043476,0.2,0.007691537824702327,-0.012015881948173046,1841,4.452708658964737,0.0003,0.0018255940775144036,0.16778528690338135,0.033104632
1000.0,1310.65389203,283,156,2555904,9009,0.8770678639411926,0.37983200867052025,0.2,0.0011439956670810031,0.0004228392499499023,1844,4.448654323644032,0.0003,0.0018778781593653422,0.16784857213497162,0.034366567
1000.0,1308.35964994,285,157,2572288,9008,0.8892374038696289,0.36618055555555556,0.2,0.0006286732086704837,-0.010859519243240356,1848,4.438585395812988,0.0003,0.0021582988494386274,0.16815440356731415,0.03192368
1000.0,1292.15498005,287,158,2588672,9015,0.7495936155319214,0.33874198717948717,0.2,0.013665471834918628,0.04758342728018761,1849,4.426731586456299,0.0003,0.006454341489678392,0.16818809509277344,0.026827484
1000.0,1288.05790573,288,159,2605056,9022,0.7456980347633362,0.34551164215686275,0.2,0.015465263158594277,0.019425898790359497,1850,4.422319412231445,0.0003,0.00811493703547646,0.1682569980621338,0.027407043
1000.0,1280.6476658,290,160,2621440,9026,0.8945157527923584,0.3579799107142857,0.2,0.010600063899931098,-0.018053622916340828,1852,4.4142801477795555,0.0003,0.0021396267430169418,0.1683262437582016,0.03312983
1000.0,1281.90801989,292,161,2637824,9022,0.9024306535720825,0.36027219522968196,0.2,-0.005279678649798878,-0.03827875107526779,1857,4.40563916149072,0.0003,0.0022254340731548703,0.16852904856204987,0.034896698
1000.0,1280.55610484,294,162,2654208,9024,0.8916307091712952,0.3530667701863354,0.2,0.0033227206006796557,0.016252854838967323,1860,4.405064416968304,0.0003,0.002289975993335247,0.1682261824607849,0.03453933
1000.0,1281.4985167700002,295,163,2670592,9025,0.9141595959663391,0.3732244318181818,0.2,0.0013171959890022793,0.020998232066631317,1863,4.426994976512889,0.0003,0.002136864756697161,0.16809123754501343,0.033263613
1000.0,1285.00883266,297,164,2686976,9032,0.7683573365211487,0.3042719414893617,0.2,0.012469972345106144,0.024159787222743034,1864,4.429297984914577,0.0003,0.006083862742092064,0.16813461482524872,0.023311954
1000.0,1284.3902541,299,165,2703360,9035,0.8888567090034485,0.36629827235772355,0.2,0.0075952960121468075,0.008324104361236095,1866,4.424455235644085,0.0003,0.0037764802223026026,0.16811682283878326,0.032887917
1000.0,1291.51852182,301,166,2719744,9031,0.8882278203964233,0.3774433515936255,0.2,-0.00017032223434532544,-0.031535983085632324,1870,4.43388744369446,0.0003,0.0013594630033341775,0.16797804832458496,0.03335828
1000.0,1291.19301835,302,167,2736128,9033,0.8910102844238281,0.3748074383802817,0.2,0.005038139966159114,-0.0018621250055730343,1873,4.4373653640209785,0.0003,0.0017944534643697487,0.16800987720489502,0.033260696
1000.0,1287.81498431,304,168,2752512,9030,0.9036169052124023,0.36257971938775513,0.2,-0.0032900936654483787,-0.026577245444059372,1877,4.442910153525216,0.0003,0.0025661476959037235,0.16782106459140778,0.03069893
1000.0,1282.97107231,306,169,2768896,9023,0.8759358525276184,0.3684354707792208,0.2,-0.007929094233731558,-0.028513167053461075,1884,4.457950450847675,0.0003,0.0025566444018637977,0.1676739901304245,0.046329293
1000.0,1292.43799197,308,170,2785280,9019,0.8496926426887512,0.36872351694915256,0.2,-0.004786779649429402,-0.022368062287569046,1889,4.466424143516411,0.0003,0.003778109345111554,0.1674867868423462,0.035068303
1000.0,1290.0170450399999,310,171,2801664,9022,0.8506269454956055,0.36422109962406013,0.2,0.007861716348915956,0.016976000741124153,1892,4.483799321310861,0.0003,0.0022780594225146607,0.16701127588748932,0.04131161
1000.0,1286.12758121,312,172,2818048,9024,0.8232452273368835,0.36276041666666664,0.2,0.0038351300211312872,0.013267774134874344,1895,4.498034302393595,0.0003,0.0028619933151639997,0.16725392639636993,0.032639287
1000.0,1285.8293212899998,314,173,2834432,9023,0.8861483335494995,0.36062885802469136,0.2,-0.0031387712039942606,-0.021513745188713074,1899,4.488313005784902,0.0003,0.0022304506872784452,0.16708815097808838,0.031836092
1000.0,1289.95112983,315,174,2850816,9023,0.898524820804596,0.3714304956896552,0.2,0.0020831091752297236,-0.017314337193965912,1902,4.50794253404113,0.0003,0.002042698809052764,0.16688700020313263,0.03546276
1000.0,1295.82791541,317,175,2867200,9029,0.8989118337631226,0.3497721354166667,0.2,0.013872251444910135,0.03403916582465172,1904,4.506599134869045,0.0003,0.002059629241961779,0.16691981256008148,0.038927805
1000.0,1298.70925749,319,176,2883584,9032,0.9040197730064392,0.34849330357142855,0.2,0.007669675922703131,0.005186789203435183,1906,4.5056732424667905,0.0003,0.0028222691440272945,0.16706661880016327,0.030553987
1000.0,1298.69135823,320,177,2899968,9036,0.9241273403167725,0.32761548913043476,0.2,0.011805267673849628,0.010777968913316727,1908,4.503090754799221,0.0003,0.0018742397322953827,0.16709570586681366,0.036651723
1000.0,1300.47660483,322,178,2916352,9042,0.8630966544151306,0.3412024456521739,0.2,0.013634756760860699,0.003020436968654394,1910,4.497627569281536,0.0003,0.003013602798750651,0.16708020865917206,0.03872784
1000.0,1301.6651036800001,324,179,2932736,9041,0.8845904469490051,0.3807105654761905,0.2,0.00020827684507128738,-0.01887679286301136,1914,4.4911294006166,0.0003,0.002406204126531347,0.16729454696178436,0.036381416
1000.0,1299.2377558,325,180,2949120,9046,0.8570736050605774,0.34669471153846154,0.2,0.016275891496871527,0.007961572147905827,1916,4.483667535048265,0.0003,0.0025541574336015263,0.167319655418396,0.050701395
1000.0,1293.65527608,327,181,2965504,9052,0.7607972025871277,0.29634915865384615,0.2,0.015851420583203435,0.04222173988819122,1917,4.492599496474633,0.0003,0.005662363828518069,0.16709470748901367,0.0223107
1000.0,1288.6962983399999,329,182,2981888,9056,0.8397682309150696,0.3273324275362319,0.2,0.014853816465947075,-0.00020782975479960442,1919,4.501051937324413,0.0003,0.00453005056909245,0.16707468032836914,0.040999275
1000.0,1284.69094397,331,183,2998272,9057,0.9174038767814636,0.3512852822580645,0.2,0.002220344095821342,-0.02075641229748726,1922,4.487460751687327,0.0003,0.0031480863885653596,0.16737699508666992,0.033345323
1000.0,1280.8994100000002,332,184,3014656,9063,0.8445817232131958,0.3343211206896552,0.2,0.01424252121420256,0.038483522832393646,1923,4.480384801996165,0.0003,0.002870074393035009,0.16733217239379883,0.025311735
1000.0,1274.02048654,334,185,3031040,9069,0.8747235536575317,0.27274305555555556,0.2,0.02077945331628952,0.25554171204566956,1924,4.483817153506809,0.0003,0.0039532750586254726,0.1672937422990799,0.020391466
1000.0,1270.0706937900002,335,186,3047424,9072,0.8228253126144409,0.3450390625,0.2,0.00922656468115747,0.024406656622886658,1926,4.491684823036194,0.0003,0.00291371256345883,0.16704098880290985,0.03035378
1000.0,1273.56134746,337,187,3063808,9078,0.8637591600418091,0.31041061046511625,0.2,0.012692374485913057,0.02493452839553356,1927,4.502019261204919,0.0003,0.003801298327744007,0.1670987606048584,0.023685735
1000.0,1284.0449267600002,339,188,3080192,9083,0.8474962115287781,0.3169471153846154,0.2,0.013884835912344547,0.028303302824497223,1929,4.50494278394259,0.0003,0.0034039998033012337,0.1669774204492569,0.04829742
1000.0,1285.4982070500002,340,189,3096576,9087,0.9400084614753723,0.3131633254716981,0.2,0.013688672175806648,0.013919088058173656,1930,4.515425583101669,0.0003,0.001795861960107566,0.16683532297611237,0.02336817
1000.0,1291.27103166,342,190,3112960,9088,0.9052115082740784,0.35627367424242423,0.2,0.004341112686829134,0.009091153740882874,1933,4.516803088332668,0.0003,0.0030719692691821942,0.16691595315933228,0.031307638
1000.0,1290.71336332,344,191,3129344,9091,0.9122986197471619,0.3436515231092437,0.2,0.007273310392375002,0.006201771087944508,1935,4.524689498067904,0.0003,0.002903259404301017,0.1666134148836136,0.031419322
1000.0,1300.7706805999999,345,192,3145728,9093,0.825644850730896,0.3904891304347826,0.2,0.009311332264105262,0.03763706609606743,1937,4.5455915202265205,0.0003,0.0028359686399040663,0.1663493663072586,0.032330863
1000.0,1308.4734121,347,193,3162112,9095,0.9134678840637207,0.3513779527559055,0.2,0.0045760500384128,0.010125156491994858,1939,4.569210300295372,0.0003,0.0010444422616388677,0.1659824550151825,0.03194912
1000.0,1306.3910335899998,349,194,3178496,9099,0.9229093194007874,0.3490397135416667,0.2,0.015463167049650414,0.06049072742462158,1940,4.584657430648804,0.0003,0.0017172302711211767,0.16592060029506683,0.027834559
1000.0,1303.0178934199998,350,195,3194880,9102,0.8882879018783569,0.3394396551724138,0.2,0.009764520387197363,-0.0012012104270979762,1942,4.586604364987077,0.0003,0.0018848918134817619,0.1658666431903839,0.03274077
1000.0,1309.3262525700002,352,196,3211264,9101,0.859763503074646,0.3800323761261261,0.2,-0.002446125810001012,-0.02609165757894516,1946,4.585756097827946,0.0003,0.0030849556284453217,0.16595762968063354,0.033902965
1000.0,1309.8175536099998,354,197,3227648,9101,0.925615131855011,0.3606085526315789,0.2,0.0013672076435269495,-0.0020585008896887302,1949,4.583529482389752,0.0003,0.0020469253839875915,0.16597850620746613,0.033979863
1000.0,1307.80436325,356,198,3244032,9100,0.8953894376754761,0.35994619693396224,0.2,-0.0017058167316652132,-0.017375992611050606,1953,4.590929044867462,0.0003,0.0019538808742511735,0.1657586246728897,0.03737364
1000.0,1305.22968118,358,199,3260416,9101,0.8961619138717651,0.36641056629834257,0.2,0.0005851735371211286,0.020361613482236862,1956,4.607606142265362,0.0003,0.0018197469752878775,0.16554300487041473,0.031345524
1000.0,1302.1922811,359,200,3276800,9105,0.7410166263580322,0.3439797794117647,0.2,0.014890785968186809,0.04431872069835663,1957,4.614922897488463,0.0003,0.002823847891561979,0.1655079871416092,0.026604233
1000.0,1306.38970256,361,201,3293184,9101,0.9078451991081238,0.37739733754512633,0.2,-0.0041950636842567135,-0.025996310636401176,1962,4.617924461295889,0.0003,0.002315708219631834,0.1655791997909546,0.03590834
1000.0,1306.35574022,363,202,3309568,9102,0.8831183910369873,0.36422589869281047,0.2,0.004605157510833997,-0.0002059119287878275,1965,4.599623518052444,0.0003,0.002074788162466504,0.1658622771501541,0.034519054
1000.0,1301.41622715,365,203,3325952,9107,0.9116201400756836,0.29402449324324326,0.2,0.01288659787560637,0.020758088678121567,1966,4.5880218196559595,0.0003,0.0023331376094673133,0.16578419506549835,0.022543266
1000.0,1299.84186065,366,204,3342336,9110,0.8109949827194214,0.3567708333333333,0.2,0.0077521340633795515,0.004169770982116461,1968,4.601998437710894,0.0003,0.004266844059121076,0.16549451649188995,0.030148655
1000.0,1292.74074279,368,205,3358720,9109,0.862817645072937,0.3752906976744186,0.2,-0.00037687522370021703,-0.01430998183786869,1972,4.610020648601443,0.0003,0.004460492339201792,0.16564176976680756,0.034961425
1000.0,1287.21936328,370,206,3375104,9109,0.7731587886810303,0.35172259221311475,0.2,0.006927438759718274,-0.004229568410664797,1974,4.607771455264483,0.0003,0.003873765451421381,0.1655942052602768,0.028986381
1000.0,1287.13994496,372,207,3391488,9112,0.6391586065292358,0.3382161458333333,0.2,0.008115344397568454,0.03689304739236832,1976,4.604674605528514,0.0003,0.006958940241020173,0.16568519175052643,0.029978927
1000.0,1281.82986142,373,208,3407872,9116,0.8451712727546692,0.335297131147541,0.2,0.016741130439961543,0.009911175817251205,1977,4.594958399162918,0.0003,0.00256901872382484,0.1658165007829666,0.025440937
1000.0,1285.47126762,375,209,3424256,9120,0.8449892997741699,0.3661534926470588,0.2,0.018213268972056752,0.000759471207857132,1979,4.593337676104377,0.0003,0.0040520880686338336,0.1657438725233078,0.035028543
1000.0,1286.1646408000001,377,210,3440640,9121,0.9247941374778748,0.3700153374233129,0.2,0.001301614653341975,-0.004659686237573624,1982,4.591799964202694,0.0003,0.0016672182621068658,0.1658243089914322,0.033870906
1000.0,1287.65852304,378,211,3457024,9122,0.8294705748558044,0.3814593545751634,0.2,0.005676293727375713,-0.002977999858558178,1985,4.593685100281161,0.0003,0.0029122193794380996,0.16575196385383606,0.03797395
1000.0,1296.7781344300001,380,212,3473408,9126,0.74714595079422,0.34435096153846156,0.2,0.01823824867606163,0.04133810102939606,1987,4.598945867098295,0.0003,0.0035789902930935986,0.16573947668075562,0.045150407
1000.0,1298.54289305,382,213,3489792,9129,0.8784655928611755,0.38488247863247865,0.2,0.009861321510890355,0.016259871423244476,1989,4.6041507517170706,0.0003,0.0021771491150984652,0.16564705967903137,0.034163013
1000.0,1300.02132861,383,214,3506176,9131,0.8889870047569275,0.3627731199186992,0.2,0.005951308247792285,-0.005475595593452454,1991,4.606777834698437,0.0003,0.0020769456906880182,0.16569355130195618,0.032670736
1000.0,1301.3068493300002,385,215,3522560,9132,0.9121360182762146,0.35406345274390244,0.2,0.0038925790555900098,-0.0046406821347773075,1994,4.616556080376229,0.0003,0.0023377677567712053,0.1654369980096817,0.035460383
1000.0,1302.28050894,387,216,3538944,9134,0.911937415599823,0.3756392045454545,0.2,0.007283828949386424,0.006549021694809198,1996,4.625750264254483,0.0003,0.0016656316816806792,0.16521143913269043,0.03513969
1000.0,1306.1896562299999,389,217,3555328,9137,0.8914768099784851,0.3616431451612903,0.2,0.006451339990411314,0.022040924057364464,1998,4.635336641342409,0.0003,0.0035125015335412874,0.16516287624835968,0.030411992
1000.0,1300.38528317,390,218,3571712,9138,0.8984972834587097,0.3704427083333333,0.2,0.0064063869362724,-0.002780806738883257,2001,4.642847192460212,0.0003,0.0014995713553735582,0.16504792869091034,0.038637623
1000.0,1301.85893752,392,219,3588096,9136,0.8852470517158508,0.3754983281893004,0.2,6.93197342961904e-05,-0.008427467197179794,2005,4.651544606244123,0.0003,0.0034594079192129916,0.16505257785320282,0.03574587
1000.0,1306.3357729,394,220,3604480,9141,0.9039593935012817,0.3125797193877551,0.2,0.011039481935452441,0.006848712917417288,2006,4.651359850046586,0.0003,0.0017436951831249253,0.16489993035793304,0.023373837
1000.0,1301.70660891,395,221,3620864,9144,0.8651198744773865,0.29505657327586204,0.2,0.015029429803313366,0.044364579021930695,2007,4.657146700497331,0.0003,0.002126944036592312,0.1648683100938797,0.021363191
1000.0,1299.13816211,397,222,3637248,9140,0.8790217638015747,0.3786046090733591,0.2,-0.0036977248492877225,-0.01606280356645584,2012,4.651158829913636,0.0003,0.0026800533986747494,0.16526584327220917,0.039612662
1000.0,1302.2438443100002,399,223,3653632,9140,0.8653074502944946,0.37289186507936506,0.2,0.003695447039765813,0.013074548915028572,2015,4.636246098412408,0.0003,0.0028964790648647715,0.16513486206531525,0.0332161
1000.0,1300.2134273800002,401,224,3670016,9142,0.9158797860145569,0.348335597826087,0.2,0.015740889141444062,0.0276484377682209,2017,4.642486551533574,0.0003,0.0017132446932457926,0.1651768982410431,0.04039099
1000.0,1306.82937991,403,225,3686400,9144,0.8357223272323608,0.3498325892857143,0.2,0.005339183312441621,-0.010997331701219082,2020,4.634337816919599,0.0003,0.0028542597678356935,0.16534413397312164,0.033660267
1000.0,1305.95595585,404,226,3702784,9146,0.8731170892715454,0.36538461538461536,0.2,0.007072603274295982,0.006552787963300943,2022,4.623792277442084,0.0003,0.0014517910044210462,0.16533702611923218,0.033738445
1000.0,1304.52338886,406,227,3719168,9144,0.898880124092102,0.3641983695652174,0.2,-0.0011011693960703585,-0.014216313138604164,2026,4.644087818394537,0.0003,0.0025762459561836136,0.16497385501861572,0.032511156
1000.0,1307.2696651800002,408,228,3735552,9146,0.8368440270423889,0.35478515625,0.2,0.007438656225955734,0.03191480413079262,2028,4.654578280448914,0.0003,0.0035619203428116936,0.1649862676858902,0.033237923
1000.0,1306.0526101399998,410,229,3751936,9149,0.8540522456169128,0.313671875,0.2,0.012043921020813286,0.03262706845998764,2029,4.655654084682465,0.0003,0.003246280940948054,0.16491708159446716,0.023954699
1000.0,1296.97712917,411,230,3768320,9150,0.8799620270729065,0.3371858891752577,0.2,0.0058288668695184375,-0.011215226724743843,2031,4.667766241683173,0.0003,0.0031273317830541087,0.16471803188323975,0.03218056
1000.0,1294.0784222099999,413,231,3784704,9145,0.8706174492835999,0.36627526197604793,0.2,-0.007216127387186635,-0.021592378616333008,2037,4.681144625840787,0.0003,0.0034682577424320184,0.16450856626033783,0.035872955
1000.0,1293.8707608800003,415,232,3801088,9149,0.9178839921951294,0.3378155048076923,0.2,0.01597697101533413,0.020241450518369675,2038,4.690070335681622,0.0003,0.0017681605218408199,0.1644868552684784,0.02652239
1000.0,1294.58176828,417,233,3817472,9147,0.9052539467811584,0.3565507629107981,0.2,-0.00027563604810428174,-0.01250944659113884,2042,4.6845258256079445,0.0003,0.002298648303545172,0.16466116905212402,0.03514943
1000.0,1295.4031926799998,418,234,3833856,9151,0.9043181538581848,0.29918686224489793,0.2,0.010818014634126911,0.032830048352479935,2043,4.683291104375099,0.0003,0.002124656531104476,0.16459758579730988,0.02224198
1000.0,1299.7708863500002,420,235,3850240,9148,0.8785998225212097,0.3609753579295154,0.2,-0.002628083446469273,-0.01656132936477661,2047,4.695891208060512,0.0003,0.002504588519161493,0.1643838733434677,0.032968495
1000.0,1304.04620551,422,236,3866624,9145,0.8733275532722473,0.38813920454545453,0.2,-0.0006743133037297194,-0.013081309385597706,2051,4.709000485002502,0.0003,0.0020738732053374887,0.16413091123104095,0.035012446
1000.0,1304.9894671900001,424,237,3883008,9145,0.9132874011993408,0.3715006510416667,0.2,-0.0019981381665274967,0.0027710222639143467,2054,4.712934787074725,0.0003,0.0017933599307677166,0.16421213746070862,0.03398593
1000.0,1308.34169898,426,238,3899392,9146,0.8857549428939819,0.36376953125,0.2,0.006735254098506023,0.005850928835570812,2056,4.715304132302602,0.0003,0.0024327972913548972,0.16414068639278412,0.034644153
1000.0,1303.68367202,428,239,3915776,9145,0.9265856146812439,0.3634469696969697,0.2,0.0007159448299331196,-0.01037633791565895,2059,4.723956813234271,0.0003,0.0017127540280026468,0.16386011242866516,0.03395262
1000.0,1304.18783345,429,240,3932160,9149,0.8546682000160217,0.33278917910447764,0.2,0.015259697790076928,0.0009244271786883473,2061,4.737358249835114,0.0003,0.00392729099561919,0.16383947432041168,0.040395036
1000.0,1310.93805643,431,241,3948544,9152,0.9175507426261902,0.31629136029411764,0.2,0.01442468915518154,0.021680336445569992,2062,4.737396380480598,0.0003,0.0021767424426370244,0.1638166457414627,0.02414666
1000.0,1309.16784093,433,242,3964928,9156,0.88042151927948,0.28855298913043476,0.2,0.012206974026807786,0.0015558935701847076,2063,4.746072820995165,0.0003,0.0015646575636270902,0.16369612514972687,0.022021677
1000.0,1307.7031571500002,434,243,3981312,9155,0.876771867275238,0.3828125,0.2,0.0007689837410272854,-0.014604668132960796,2067,4.749375008187204,0.0003,0.002161641628810925,0.16368357837200165,0.03756148
1000.0,1305.2991133699998,436,244,3997696,9158,0.8895237445831299,0.3361361228813559,0.2,0.018572675458834332,0.043737541884183884,2068,4.7456896587953725,0.0003,0.0019653210736085046,0.16370880603790283,0.025439627
1000.0,1306.12244926,438,245,4014080,9158,0.9007223844528198,0.3554047131147541,0.2,0.001668484212291208,-0.018252447247505188,2071,4.753207013906677,0.0003,0.0029860872042472247,0.1636444479227066,0.032236684
1000.0,1307.7826480800002,439,246,4030464,9163,0.9037258625030518,0.2766927083333333,0.2,0.015138852285842101,0.03742307797074318,2072,4.752054373423259,0.0003,0.0017250177450478077,0.163694366812706,0.020700179
1000.0,1301.7351087100003,441,247,4046848,9162,0.9114026427268982,0.36461292613636365,0.2,0.002835756495848975,0.013709671795368195,2075,4.759238012812355,0.0003,0.0019092581060249358,0.16353660821914673,0.031920373
1000.0,1295.58041174,443,248,4063232,9165,0.8845378756523132,0.3343633395522388,0.2,0.01637252363195615,0.009830160066485405,2077,4.771113580732203,0.0003,0.0025539001981630476,0.1633896827697754,0.04184379
1000.0,1294.4050385199998,445,249,4079616,9164,0.828262448310852,0.37890625,0.2,0.0018061993099998629,-0.010161152109503746,2081,4.790161246888375,0.0003,0.002673351229836888,0.16290558874607086,0.03299055
1000.0,1293.79882271,446,250,4096000,9167,0.8887747526168823,0.29715909090909093,0.2,0.01697162285616452,0.07830026745796204,2082,4.813614905964244,0.0003,0.002739389609037475,0.16275504231452942,0.022112237
1000.0,1292.18867238,448,251,4112384,9169,0.8196543455123901,0.32557896205357145,0.2,0.00791299217131122,0.008619271218776703,2084,4.822347172669002,0.0003,0.002443742102644007,0.162711501121521,0.027822351
1000.0,1287.4136237600003,450,252,4128768,9173,0.8625411987304688,0.2693684895833333,0.2,0.011334911066417893,0.014218277297914028,2085,4.820049703121185,0.0003,0.0034767952165566385,0.1627480536699295,0.020941818
1000.0,1284.71884066,451,253,4145152,9177,0.9033632874488831,0.2571824596774194,0.2,0.010850155237881888,0.04203592240810394,2086,4.818934332939886,0.0003,0.00284087773592722,0.16274164617061615,0.019390805
1000.0,1280.7297747199998,453,254,4161536,9176,0.7747553586959839,0.35652281746031744,0.2,0.003887179252203731,0.014778170734643936,2089,4.823338236127581,0.0003,0.003673157768038215,0.16275955736637115,0.031196631
1000.0,1279.3807554999999,455,255,4177920,9176,0.8487436771392822,0.36534534801136365,0.2,0.0038247977579224175,0.006277764216065407,2092,4.816532888195732,0.0003,0.003993652992490256,0.16282159090042114,0.032270066
1000.0,1281.6587534800003,456,256,4194304,9178,0.8892871141433716,0.34967996987951805,0.2,0.014352316014378905,-0.007925732061266899,2094,4.820266016994614,0.0003,0.002111006508502795,0.16259846091270447,0.029406607
1000.0,1278.89066964,458,257,4210688,9179,0.8481366634368896,0.38616756134969327,0.2,0.004878018921286874,0.03024919144809246,2097,4.829771170586896,0.0003,0.0026086145637705463,0.16259270906448364,0.035360754
1000.0,1277.8426549500002,460,258,4227072,9178,0.8856886029243469,0.3733201101036269,0.2,0.0006490247119025091,-0.031846631318330765,2101,4.834589851952587,0.0003,0.002536763636144409,0.16250167787075043,0.049464807
1000.0,1277.13764728,462,259,4243456,9181,0.863707959651947,0.3328125,0.2,0.015057619898156686,0.01873282715678215,2102,4.8302305221557615,0.0003,0.0028830832928757777,0.16260671615600586,0.025888182
1000.0,1274.5787346799998,463,260,4259840,9183,0.7373055815696716,0.3613500702247191,0.2,0.011532647498579842,0.04455690085887909,2104,4.828368336966868,0.0003,0.005572224608779455,0.16266648471355438,0.034472656
1000.0,1274.47696825,465,261,4276224,9186,0.7838377356529236,0.37779017857142855,0.2,0.01585084136043276,6.714044138789177e-05,2106,4.822904021399362,0.0003,0.004104185377114586,0.16262847185134888,0.039241392
1000.0,1274.3016509,467,262,4292608,9187,0.8892108201980591,0.3665916313559322,0.2,0.008919902019581552,0.016449231654405594,2108,4.823448116496458,0.0003,0.0035975770097446897,0.1627773940563202,0.031655017
1000.0,1275.41308804,469,263,4308992,9185,0.8008053302764893,0.36424278846153846,0.2,0.0031983221403490275,-0.00988685991615057,2112,4.809347441257574,0.0003,0.002291476211319558,0.1628347784280777,0.04528333
1000.0,1278.3925518600001,470,264,4325376,9187,0.8483635783195496,0.35402199074074076,0.2,0.010058298158347261,0.018232764676213264,2114,4.811625273139389,0.0003,0.002636676508700475,0.162795290350914,0.02994277
1000.0,1283.28355945,472,265,4341760,9190,0.8879289627075195,0.31911670918367346,0.2,0.013377120404751325,0.044445160776376724,2115,4.810576351321473,0.0003,0.001900699022891266,0.16283540427684784,0.023765586
1000.0,1289.8894507699997,474,266,4358144,9192,0.905150294303894,0.35361231435643564,0.2,0.009141068771887239,-0.004114983603358269,2117,4.816213069575848,0.0003,0.0014478136534055712,0.16267557442188263,0.033014327
1000.0,1297.8166437300001,475,267,4374528,9193,0.9078620076179504,0.36484375,0.2,0.008713594390652502,-0.01562720164656639,2120,4.83290134209853,0.0003,0.0015703398313444967,0.16239455342292786,0.03981133
1000.0,1296.1577092299997,477,268,4390912,9193,0.9032649993896484,0.3585169797687861,0.2,0.0016580357114014599,-0.01875726506114006,2123,4.8513800505268785,0.0003,0.002188414570100261,0.1621246486902237,0.032135226
1000.0,1296.7224061,479,269,4407296,9196,0.8654409646987915,0.3038589015151515,0.2,0.011949386743997986,0.037373632192611694,2124,4.860076904296875,0.0003,0.0026311619545925746,0.16206438839435577,0.023039054
1000.0,1294.4066325699998,480,270,4423680,9197,0.8772071003913879,0.3435872395833333,0.2,0.0075695425155572595,-0.014740658923983574,2126,4.865049747625987,0.0003,0.0024692686458971974,0.16212107241153717,0.029442446
1000.0,1291.07425531,482,271,4440064,9199,0.8925985097885132,0.34347098214285715,0.2,0.016384954397965754,0.016385570168495178,2128,4.8573127950940815,0.0003,0.00224446453087564,0.16216696798801422,0.03758664
1000.0,1279.78165663,484,272,4456448,9200,0.9179990887641907,0.34125905797101447,0.2,0.005311938119120896,-0.009953413158655167,2131,4.851098212642946,0.0003,0.002152575222113966,0.16228686273097992,0.033806533
1000.0,1277.32763069,486,273,4472832,9203,0.8545351624488831,0.3094618055555556,0.2,0.013901622431283747,0.016980022192001343,2132,4.851323525110881,0.0003,0.005252993363818085,0.16221527755260468,0.023575889
1000.0,1281.93212987,487,274,4489216,9204,0.8829227685928345,0.3765169902912621,0.2,0.0077067744303313855,0.02783554047346115,2134,4.8521777171533085,0.0003,0.0036362384183748256,0.16224656999111176,0.034751218
1000.0,1284.31254604,489,275,4505600,9208,0.8956573605537415,0.3117804276315789,0.2,0.01551409788723839,0.1231548860669136,2135,4.85262215764899,0.0003,0.0022425101702346615,0.1622357964515686,0.024993304
1000.0,1288.03421313,491,276,4521984,9209,0.8204394578933716,0.3600852272727273,0.2,0.008738231304494188,0.03558281064033508,2137,4.856347978607682,0.0003,0.0024388295469405363,0.16208012402057648,0.031354915
1000.0,1285.87339762,492,277,4538368,9212,0.8757242560386658,0.31640625,0.2,0.013370188641181188,-0.007052761036902666,2139,4.872199570954735,0.0003,0.0020312136664653,0.16179847717285156,0.042614873
1000.0,1290.7851575600002,494,278,4554752,9210,0.894494354724884,0.36600560897435896,0.2,0.001565213026240086,-0.027680980041623116,2143,4.88608585748917,0.0003,0.0027271979351122027,0.1616789549589157,0.041726623
1000.0,1295.4097339500001,496,279,4571136,9209,0.8670130968093872,0.3728726525821596,0.2,0.0009197902006530006,-0.00734713114798069,2147,4.894137489963585,0.0003,0.002465725079519858,0.16161321103572845,0.03565739
1000.0,1302.12251231,497,280,4587520,9212,0.89793860912323,0.31158577127659576,0.2,0.013735825909262008,0.049010373651981354,2148,4.894905323677874,0.0003,0.002360420180187422,0.1616186946630478,0.023518829
1000.0,1300.99522713,499,281,4603904,9215,0.9447061419487,0.33363560267857145,0.2,0.016171401549529816,0.011756768450140953,2149,4.896782074655805,0.0003,0.0017004875511962122,0.1615126132965088,0.02605872
1000.0,1305.56862691,501,282,4620288,9214,0.8897300958633423,0.3788109756097561,0.2,0.005660366890213747,0.004957336932420731,2152,4.897570633306736,0.0003,0.0017510015026257352,0.16166146099567413,0.034836523
1000.0,1304.8392820899999,503,283,4636672,9216,0.9139202237129211,0.3443800403225806,0.2,0.009106774176020295,0.028146063908934593,2154,4.897963857138029,0.0003,0.0012323339970441915,0.16146261990070343,0.030118722
1000.0,1311.10767743,504,284,4653056,9217,0.8930965662002563,0.3669984879032258,0.2,0.008853333487716173,-0.013263731263577938,2156,4.907515729627302,0.0003,0.0020252068474468205,0.16150274872779846,0.0343504
1000.0,1308.69485058,506,285,4669440,9219,0.9086865186691284,0.33031798245614036,0.2,0.01521555549187357,0.04614003747701645,2157,4.9000558016593,0.0003,0.001983962317912333,0.16147154569625854,0.026079474
1000.0,1308.0730487000003,508,286,4685824,9223,0.8883694410324097,0.31475694444444446,0.2,0.01330219487556153,0.04195979982614517,2158,4.903700065612793,0.0003,0.0020540573892907964,0.16143585741519928,0.02383098
1000.0,1310.44498681,509,287,4702208,9226,0.8637134432792664,0.3203876201923077,0.2,0.015008708766589943,0.02536950819194317,2159,4.9057575189150295,0.0003,0.0020144027814519806,0.16143150627613068,0.025141446
1000.0,1307.77882301,511,288,4718592,9227,0.9103552103042603,0.3507421875,0.2,0.009753972990438342,0.009040206670761108,2161,4.918216967582703,0.0003,0.0015425635426072404,0.16113799810409546,0.033655662
1000.0,1305.4980875899998,513,289,4734976,9225,0.8565308451652527,0.3860070850202429,0.2,-0.00026455986490737086,-0.024650121107697487,2165,4.9233266525423,0.0003,0.0016039817531306583,0.1611512452363968,0.033356905
1000.0,1307.58148752,515,290,4751360,9224,0.887945294380188,0.3771047374429224,0.2,0.0019688222814589467,-0.022578023374080658,2169,4.93081044933023,0.0003,0.0021434977861146814,0.16106601059436798,0.035560615
1000.0,1306.0772207100001,516,291,4767744,9225,0.903471052646637,0.3522727272727273,0.2,0.01272554745196135,0.029991434887051582,2171,4.94025520225624,0.0003,0.0024633032841269264,0.16086174547672272,0.0385953
1000.0,1304.46994496,518,292,4784128,9228,0.8846574425697327,0.3397253787878788,0.2,0.015227019867972669,0.014283991418778896,2173,4.951465238224376,0.0003,0.0017524327461918194,0.1607811599969864,0.038974393
1000.0,1299.0803299600002,520,293,4800512,9230,0.9284365773200989,0.36283735795454547,0.2,0.013204667913007805,0.02781330794095993,2175,4.959613968025554,0.0003,0.002293898069183342,0.16061492264270782,0.034579173
1000.0,1289.2892690700003,521,294,4816896,9228,0.8786043524742126,0.36655042918454933,0.2,-0.000995306962653355,0.010577632114291191,2179,4.976969520421499,0.0003,0.002842171003246608,0.16033700108528137,0.032152403
1000.0,1289.70952598,523,295,4833280,9228,0.9098754525184631,0.3783986581920904,0.2,0.0024720753614111976,0.007920404896140099,2182,4.992779430023021,0.0003,0.0028151099426713955,0.1602267473936081,0.032880638
1000.0,1285.3684965200002,525,296,4849664,9229,0.9264953136444092,0.3815957991803279,0.2,0.010956264486475313,0.03180309385061264,2184,4.990579136082383,0.0003,0.0021394087797504103,0.1603206992149353,0.034025546
1000.0,1281.2798320299999,527,297,4866048,9231,0.8369115591049194,0.34248798076923076,0.2,0.015581819923737875,-0.011315159499645233,2186,4.985681937291072,0.0003,0.002332481036249262,0.16028866171836853,0.045058917
1000.0,1284.1020089800002,528,298,4882432,9233,0.8892675042152405,0.3554129464285714,0.2,0.012670220980154617,-0.004902062471956015,2188,4.989121294021606,0.0003,0.0035066849419048856,0.1602500081062317,0.040529307
1000.0,1280.01970108,530,299,4898816,9234,0.8996341228485107,0.3600794057377049,0.2,0.009801753353877146,0.016311610117554665,2190,4.9916309997683666,0.0003,0.0025778457438420566,0.1601879894733429,0.03322368
1000.0,1286.84517833,532,300,4915200,9234,0.865003228187561,0.3696546052631579,0.2,0.01110646505268258,0.01808677613735199,2192,4.9824082265820415,0.0003,0.0026741861794634084,0.1604623645544052,0.03038945
1000.0,1290.7867049300003,534,301,4931584,9234,0.8653475046157837,0.3698650234741784,0.2,0.0011922784768342272,-0.01723860576748848,2196,4.966339615029349,0.0003,0.0031315632057354343,0.16074682772159576,0.0371043
1000.0,1293.2062341800001,535,302,4947968,9236,0.8318576216697693,0.35786897590361444,0.2,0.009388756971940937,0.0024064304307103157,2198,4.9554670862404695,0.0003,0.0022626181935375355,0.1607101559638977,0.033465497
1000.0,1298.59756882,537,303,4964352,9234,0.8973023295402527,0.37376547759433965,0.2,0.0002107495103769426,0.0015058767748996615,2202,4.959630667038684,0.0003,0.0024441607963109286,0.16067816317081451,0.034767136
1000.0,1294.14705681,539,304,4980736,9237,0.8266118168830872,0.3063151041666667,0.2,0.01329771789702742,0.033109936863183975,2203,4.956651876370112,0.0003,0.0019826128554996103,0.160746231675148,0.022832664
1000.0,1292.5310382799998,540,305,4997120,9237,0.8461616635322571,0.3522449171686747,0.2,0.0040133442008778095,0.0029989636968821287,2206,4.960411772670516,0.0003,0.00467859577606376,0.16055071353912354,0.03385626
1000.0,1288.77046789,542,306,5013504,9237,0.8324911594390869,0.3529497663551402,0.2,0.008280086391997114,0.007029577158391476,2208,4.966467884099372,0.0003,0.0027212487940598174,0.16062888503074646,0.029234385
1000.0,1281.3958543699998,544,307,5029888,9234,0.8229371309280396,0.3797599337748344,0.2,-0.0036237028085114743,0.004636000841856003,2213,4.951777148720445,0.0003,0.003535465383593807,0.16095350682735443,0.03520272
1000.0,1276.42822667,546,308,5046272,9232,0.7691863179206848,0.3719742571721312,0.2,0.0016361659824023725,0.005799627862870693,2217,4.953834863959766,0.0003,0.004392132351984133,0.16068492829799652,0.031972643
1000.0,1262.32548615,548,309,5062656,9232,0.8749907612800598,0.3623538669064748,0.2,0.008176109931103404,-0.00412325793877244,2220,4.963501837613771,0.0003,0.003711835826284808,0.1605159044265747,0.03219118
1000.0,1255.3882024599998,550,310,5079040,9230,0.6825193166732788,0.3741675204918033,0.2,0.001059916784574629,-0.004167287610471249,2224,4.976846444802206,0.0003,0.0056346160031427615,0.16050653159618378,0.032365497
1000.0,1249.91435624,552,311,5095424,9229,0.7598974108695984,0.3740133698453608,0.2,0.00434505304240036,0.0005197003483772278,2228,4.983744282083413,0.0003,0.006931744712721748,0.16028015315532684,0.041233648
1000.0,1240.16789311,553,312,5111808,9230,0.6843026876449585,0.3417088963963964,0.2,0.010357863911603754,0.028958912938833237,2230,4.989073542861251,0.0003,0.005444302487917043,0.1603296846151352,0.030813958
1000.0,1240.68504528,555,313,5128192,9229,0.766453742980957,0.3651285406403941,0.2,0.001653245597472185,-0.0016915267333388329,2234,4.996396828167544,0.0003,0.00734637268208738,0.16020768880844116,0.035791673
1000.0,1244.64918025,557,314,5144576,9230,0.7791406512260437,0.3462975543478261,0.2,0.007577382072644389,0.008052768185734749,2236,4.9956719605819035,0.0003,0.0032468227203935386,0.16030417382717133,0.029349098
1000.0,1255.34193543,559,315,5160960,9228,0.8718014359474182,0.3653415084388186,0.2,0.0006176271242038484,-0.009469674900174141,2240,4.973534133363876,0.0003,0.0022289533062959835,0.16073472797870636,0.034055497
1000.0,1267.54548161,560,316,5177344,9229,0.9201453328132629,0.3569368708053691,0.2,0.004323550442158676,-0.0018706487026065588,2243,4.95152286235118,0.0003,0.002112752139168298,0.16085533797740936,0.033045527
1000.0,1279.48714272,562,317,5193728,9229,0.8947215676307678,0.3500134698275862,0.2,0.010215664242297924,0.021417295560240746,2245,4.961095912703152,0.0003,0.002056307506603028,0.1606372445821762,0.029709188
1000.0,1298.5158661799999,564,318,5210112,9233,0.911661684513092,0.31359011627906974,0.2,0.015340217096774383,0.04106389731168747,2246,4.969246941943501,0.0003,0.0020360840365377278,0.16054849326610565,0.0231684
1000.0,1296.22651673,565,319,5226496,9234,0.8304511904716492,0.37511602722772275,0.2,0.010443593753446447,0.011895040981471539,2248,4.972838420679073,0.0003,0.00167399282984454,0.16055487096309662,0.033910725
1000.0,1294.0104995499998,567,320,5242880,9234,0.8652998208999634,0.35656910211267606,0.2,0.005878792334557839,-0.01784185692667961,2251,4.956275788831039,0.0003,0.0050525516566728625,0.16090363264083862,0.033294473
1000.0,1297.5024307899998,569,321,5259264,9237,0.8069131970405579,0.3539225260416667,0.2,0.016656277953491855,0.030828988179564476,2252,4.953057328859965,0.0003,0.004673902430416395,0.16071154177188873,0.028242538
1000.0,1294.18982324,571,322,5275648,9238,0.912331759929657,0.35680259146341464,0.2,0.009998969472490432,0.01421225443482399,2254,4.965790864897937,0.0003,0.0016669079138920075,0.16055415570735931,0.031370528
1000.0,1286.4098354500002,572,323,5292032,9240,0.8580864667892456,0.3001953125,0.2,0.01283773798495531,0.01592601276934147,2255,4.968110716342926,0.0003,0.0035181345127057286,0.16060005128383636,0.022554789
1000.0,1278.1255001199997,574,324,5308416,9242,0.856465220451355,0.3570642605633803,0.2,0.015617903679425657,-0.013810482807457447,2257,4.968528673682414,0.0003,0.004191642591047665,0.16066056489944458,0.03605788
1000.0,1274.73139625,575,325,5324800,9244,0.840819239616394,0.3407451923076923,0.2,0.010069515187661726,-0.008408354595303535,2259,4.96457184278048,0.0003,0.0049917291860085925,0.16061633825302124,0.032109313
1000.0,1273.56725571,577,326,5341184,9242,0.8924622535705566,0.3779339519650655,0.2,0.0017264649875901282,-0.017873046919703484,2263,4.9710907873628445,0.0003,0.0033963500943002354,0.1605597287416458,0.032936428
1000.0,1273.9566754500001,579,327,5357568,9243,0.8058485388755798,0.33252910539215685,0.2,0.007676797498967133,0.004397132433950901,2265,4.97373376640619,0.0003,0.0034047140324415235,0.1604868322610855,0.028929198
1000.0,1276.4116767599999,581,328,5373952,9245,0.9104599952697754,0.3524231991525424,0.2,0.017276501796066254,0.025307824835181236,2266,4.976031141766047,0.0003,0.0017387882265720075,0.16046734154224396,0.02703154
1000.0,1277.27566804,583,329,5390336,9245,0.8751299381256104,0.3731847426470588,0.2,0.005368388490751386,-0.025715038180351257,2269,4.964390028224272,0.0003,0.0026434324161313913,0.16070473194122314,0.034645922
1000.0,1288.05207422,584,330,5406720,9246,0.7586547136306763,0.35613922574626866,0.2,0.0058345605772155435,-0.0190773643553257,2272,4.947664922742701,0.0003,0.00330718072416233,0.16086150705814362,0.039383188
1000.0,1297.6441743799996,586,331,5423104,9247,0.8588680624961853,0.3641015625,0.2,0.010093254689127206,0.002175013069063425,2274,4.9445521974563595,0.0003,0.002101012470666319,0.16074025630950928,0.031138228
1000.0,1299.8999868500002,588,332,5439488,9249,0.8226110935211182,0.3388516865079365,0.2,0.01613572510402827,0.009951015003025532,2275,4.957251722850497,0.0003,0.003478196468056431,0.16061849892139435,0.026080955
1000.0,1297.34495038,589,333,5455872,9249,0.8696809411048889,0.3785828025477707,0.2,0.004109807988735521,0.009663517586886883,2278,4.961724946453313,0.0003,0.0026767468732443586,0.16070319712162018,0.034941047
1000.0,1289.5564852500002,591,334,5472256,9251,0.7113276720046997,0.3377278645833333,0.2,0.012835448908541972,0.0419832244515419,2279,4.952250520388286,0.0003,0.004613225163969521,0.16070692241191864,0.0258762
1000.0,1283.13878781,593,335,5488640,9250,0.8941013216972351,0.3752075785024155,0.2,0.0004645562494524579,0.001297028036788106,2283,4.958385681760484,0.0003,0.003356490409055698,0.16065342724323273,0.03765498
1000.0,1275.15282054,595,336,5505024,9246,0.8062167763710022,0.38370385906040266,0.2,-0.0028575603622043094,-0.0051418570801615715,2288,4.960765113766562,0.0003,0.003911152557038621,0.16068477928638458,0.035868376
1000.0,1276.089094,597,337,5521408,9248,0.8371086120605469,0.33698283450704225,0.2,0.012022030408638465,0.009916644543409348,2290,4.961186126923897,0.0003,0.002764398504284696,0.16065256297588348,0.032584332
1000.0,1277.4119612,598,338,5537792,9249,0.8888291120529175,0.3475477430555556,0.2,0.009668033999063212,0.013368165120482445,2292,4.960594424494991,0.0003,0.002269562573120412,0.16067951917648315,0.031457342
1000.0,1273.3157243,600,339,5554176,9251,0.8825361728668213,0.3207607581967213,0.2,0.015727905674883334,0.050992731004953384,2293,4.961790952526155,0.0003,0.0032151241893651054,0.16062791645526886,0.024691088
1000.0,1279.71073757,602,340,5570560,9251,0.7771608829498291,0.3481670673076923,0.2,0.009263698398493803,-0.019720787182450294,2296,4.961323892153226,0.0003,0.004373913874419836,0.16070543229579926,0.044714816
1000.0,1285.16217767,603,341,5586944,9251,0.8400724530220032,0.3539159549689441,0.2,0.002620496923069221,0.01772916689515114,2299,4.948401003890896,0.0003,0.0024070740743939367,0.16091465950012207,0.033693
1000.0,1287.50225948,605,342,5603328,9253,0.8526006937026978,0.30941611842105265,0.2,0.017366380700351375,0.05768510699272156,2300,4.946166389866879,0.0003,0.002359755956077654,0.1607590764760971,0.023711175
1000.0,1289.89735739,607,343,5619712,9256,0.85956871509552,0.3331653225806452,0.2,0.016317786070548238,0.028621209785342216,2301,4.95514888148154,0.0003,0.002846966202806441,0.16075630486011505,0.025532888
1000.0,1293.22408256,609,344,5636096,9254,0.9276494979858398,0.38173204787234044,0.2,-0.0007700086214599458,-0.021185707300901413,2305,4.952429430535499,0.0003,0.0017483833176579248,0.16075067222118378,0.035663426
1000.0,1302.39666512,610,345,5652480,9255,0.8683962821960449,0.3363560267857143,0.2,0.010019079787612316,-0.019986117258667946,2307,4.9674570333390005,0.0003,0.0016621369522042749,0.160416379570961,0.032438673
1000.0,1300.35705691,612,346,5668864,9257,0.8944432139396667,0.3565538194444444,0.2,0.012253980773190657,0.06109382212162018,2308,4.986089079468338,0.0003,0.002950052467726723,0.16040663421154022,0.027727058
1000.0,1301.46405423,614,347,5685248,9254,0.8890525102615356,0.38827605897009965,0.2,-0.0036810967248193053,-0.0032618229743093252,2313,4.982116840210468,0.0003,0.0039506068490321854,0.1605084240436554,0.03319504
1000.0,1309.36805025,615,348,5701632,9257,0.84473717212677,0.3504971590909091,0.2,0.014113605869087305,0.043794773519039154,2314,4.973848938941956,0.0003,0.0018634572572244163,0.16058360040187836,0.028264292
1000.0,1308.69178977,617,349,5718016,9259,0.888035774230957,0.3358208955223881,0.2,0.013301187987203028,-0.003691704710945487,2316,4.9677722418486185,0.0003,0.0013078377580395275,0.16058897972106934,0.041642018
1000.0,1307.13603596,619,350,5734400,9258,0.9018956422805786,0.35158631859756095,0.2,0.00346420807962692,0.020957807078957558,2319,4.97371192676265,0.0003,0.0019764448083062634,0.1604813188314438,0.032477908
1000.0,1298.39846751,621,351,5750784,9257,0.8939101696014404,0.3692922374429224,0.2,-0.001229270951414149,-0.009105821140110493,2323,4.983462588427818,0.0003,0.002542012320091463,0.16030961275100708,0.031636443
1000.0,1300.05984853,622,352,5767168,9259,0.8193554282188416,0.31507240853658536,0.2,0.015313891864313586,0.05234561115503311,2324,4.988602987149867,0.0003,0.003806067573860651,0.16039519011974335,0.023772322
1000.0,1305.48385841,624,353,5783552,9259,0.893450140953064,0.36420168821839083,0.2,0.001971670338113246,-0.01258864440023899,2327,4.980334739575441,0.0003,0.002166729591032169,0.16047096252441406,0.034503404
1000.0,1302.75931482,626,354,5799936,9259,0.8892436027526855,0.36123046875,0.2,0.0028101550466089974,0.006623485591262579,2330,4.994561350345611,0.0003,0.001884674130269559,0.16020281612873077,0.03495279
1000.0,1303.3449222899999,628,355,5816320,9260,0.9332237839698792,0.3578916139240506,0.2,0.012477942612729494,0.009456247091293335,2332,5.005755750438835,0.0003,0.0013907263718569015,0.1600111871957779,0.035640795
1000.0,1310.38933531,629,356,5832704,9260,0.912280261516571,0.37715287642045453,0.2,0.003738711211057803,-0.009209525771439075,2335,5.018315244804729,0.0003,0.0016655065681499598,0.15990807116031647,0.033623513
1000.0,1309.91450812,631,357,5849088,9260,0.882095217704773,0.3781622023809524,0.2,0.00520054019788014,-0.006346489302814007,2338,5.030643085638682,0.0003,0.0020264296458446466,0.15976741909980774,0.035189707
1000.0,1311.3707720399998,633,358,5865472,9259,0.8399090766906738,0.3748172514619883,0.2,0.004688511776863135,0.01998874358832836,2341,5.025176795602542,0.0003,0.0030114075444006953,0.16003300249576569,0.03241553
1000.0,1311.25761858,635,359,5881856,9261,0.8537600636482239,0.3569393382352941,0.2,0.011240374713259584,0.009593506343662739,2343,5.013640252281638,0.0003,0.002106404453789925,0.16011570394039154,0.03600737
1000.0,1307.2951151899997,636,360,5898240,9261,0.8808932304382324,0.38344332298136646,0.2,0.005316797212946304,-0.0016964436508715153,2346,5.022522944100896,0.0003,0.0016490705267913778,0.15988634526729584,0.032466173
1000.0,1302.81417265,638,361,5914624,9263,0.9174913167953491,0.33269614361702127,0.2,0.012492895750527052,0.035520873963832855,2347,5.0338295266983355,0.0003,0.003108464746161344,0.1597699075937271,0.025411028
1000.0,1304.8667475599998,640,362,5931008,9264,0.8785932064056396,0.3452875664893617,0.2,0.011425369409249818,-0.006483952049165964,2349,5.045417298661902,0.0003,0.002599997136325754,0.15961241722106934,0.0330793
1000.0,1305.2343494899999,641,363,5947392,9267,0.9186452031135559,0.31821646341463417,0.2,0.012064667702538938,0.029038365930318832,2350,5.045480588587319,0.0003,0.0016742185433963087,0.15967321395874023,0.024136204
1000.0,1306.0914755699998,643,364,5963776,9268,0.9251558780670166,0.3465711805555556,0.2,0.008560017512300637,-0.014099182561039925,2352,5.050792345294246,0.0003,0.0018529927603796953,0.15946064889431,0.033557888
1000.0,1301.30126483,645,365,5980160,9269,0.8844329118728638,0.36204954954954954,0.2,0.010060554940824036,0.023375198245048523,2354,5.064705784256394,0.0003,0.0023647510364802706,0.15938127040863037,0.03168386
1000.0,1298.2643028,646,366,5996544,9271,0.7503280639648438,0.36328125,0.2,0.018122722336556762,0.030980417504906654,2355,5.0688892006874084,0.0003,0.003088076224750174,0.1592957079410553,0.029465636
1000.0,1298.5460468,648,367,6012928,9272,0.8985226154327393,0.3581770833333333,0.2,0.014822970982640982,-0.004467891529202461,2357,5.069848289489746,0.0003,0.002848271975914637,0.1592821478843689,0.032098506
